,index,day,population,grade,c_minus_t_raw,c_minus_t_adj
0,0,2015-11-15,rv,A,11.0,8.390330000000006
1,1,2015-11-16,rv,A,4.661068894964697,3.1838925170306047
2,2,2015-11-16,v,B+,1.0,0.673490000000001
3,3,2015-11-17,rv,A,4.661068894964697,3.1838925170306047
4,4,2015-11-17,v,B+,1.0,0.673490000000001
5,5,2015-11-18,rv,A,4.661068894964697,3.1838925170306047
6,6,2015-11-19,rv,A,4.661068894964697,3.1838925170306047
7,7,2015-11-20,rv,A,11.0,8.390330000000006
8,8,2015-11-21,rv,A,11.0,8.390330000000006
9,9,2015-11-22,rv,A,11.0,8.390330000000006
10,10,2015-11-23,rv,A,11.0,8.390330000000006
11,11,2015-11-23,rv,A-,6.0,6.402239999999999
12,12,2015-11-24,rv,A,11.0,8.390330000000006
13,13,2015-11-24,rv,A-,6.0,6.402239999999999
14,14,2015-11-25,rv,A,11.0,8.390330000000006
15,15,2015-11-25,rv,A-,6.0,6.402239999999999
16,16,2015-11-26,rv,A,11.0,8.390330000000006
17,17,2015-11-26,rv,A-,6.0,6.402239999999999
18,18,2015-11-27,rv,A,11.0,8.390330000000006
19,19,2015-11-27,rv,A-,4.671696130068911,5.078492212342773
20,20,2015-11-28,rv,A,11.0,8.390330000000006
21,21,2015-11-28,rv,A-,4.671696130068911,5.078492212342773
22,22,2015-11-29,lv,C+,14.0,9.871919999999996
23,23,2015-11-29,rv,A,11.0,8.390330000000006
24,24,2015-11-29,rv,A-,4.671696130068911,5.078492212342773
25,25,2015-11-30,lv,C+,14.0,9.871919999999996
26,26,2015-11-30,rv,A,11.0,8.390330000000006
27,27,2015-11-30,rv,A-,4.671696130068911,5.078492212342773
28,28,2015-12-01,lv,C+,14.0,9.871919999999996
29,29,2015-12-01,rv,A,11.0,8.390330000000006
30,30,2015-12-01,rv,A-,3.0,3.4125299999999967
31,31,2015-12-02,lv,B+,3.5,2.899149999999999
32,32,2015-12-02,lv,C+,14.0,9.871919999999996
33,33,2015-12-02,rv,A,11.0,8.390330000000006
34,34,2015-12-03,lv,B+,3.5,2.899149999999999
35,35,2015-12-03,lv,C+,14.0,9.871919999999996
36,36,2015-12-04,lv,B+,3.5,2.899149999999999
37,37,2015-12-05,lv,B+,3.5,2.899149999999999
38,38,2015-12-06,lv,B+,3.5,2.899149999999999
39,39,2015-12-06,rv,A-,10.0,7.34458
40,40,2015-12-07,rv,A-,10.0,7.34458
41,41,2015-12-07,rv,B-,2.0,1.842480000000002
42,42,2015-12-08,rv,A-,10.0,7.34458
43,43,2015-12-08,rv,B-,2.0,1.842480000000002
44,44,2015-12-09,rv,A-,10.0,7.34458
45,45,2015-12-10,rv,A+,6.0,3.9364500000000007
46,46,2015-12-11,rv,A+,6.0,3.9364500000000007
47,47,2015-12-12,rv,A+,6.0,3.9364500000000007
48,48,2015-12-13,lv,A-,10.0,9.2999
49,49,2015-12-13,rv,A+,6.0,3.9364500000000007
50,50,2015-12-14,lv,A-,12.9,12.170500000000004
51,51,2015-12-15,lv,A-,10.5,9.74111
52,52,2015-12-16,lv,A-,12.8,12.01039
53,53,2015-12-16,rv,A,11.0,10.37977
54,54,2015-12-16,rv,A-,7.0,6.78689
55,55,2015-12-16,v,B+,2.0,0.7649900000000045
56,56,2015-12-17,lv,A-,12.300000000000004,11.48003
57,57,2015-12-17,rv,A,11.0,10.37977
58,58,2015-12-17,rv,A-,4.629153650871662,4.434778078722474
59,59,2015-12-17,rv,B,2.0,2.3051499999999976
60,60,2015-12-17,v,B+,2.0,0.7649900000000045
61,61,2015-12-18,lv,A-,11.200000000000005,10.34618
62,62,2015-12-18,rv,A-,4.629153650871662,4.434778078722474
63,63,2015-12-18,rv,B,2.0,2.3051499999999976
64,64,2015-12-19,lv,A-,7.900000000000006,7.014659999999999
65,65,2015-12-19,rv,A-,4.629153650871662,4.434778078722474
66,66,2015-12-19,rv,B,2.0,2.3051499999999976
67,67,2015-12-20,lv,A-,8.299999999999997,7.38241
68,68,2015-12-20,rv,A-,4.629153650871662,4.434778078722474
69,69,2015-12-20,rv,B,2.0,2.3051499999999976
70,70,2015-12-21,lv,A-,6.200000000000003,5.248750000000001
71,71,2015-12-21,rv,A-,2.0,1.8264
72,72,2015-12-22,lv,A-,5.899999999999999,4.914520000000003
73,73,2015-12-22,lv,C+,1.0,0.2615300000000005
74,74,2015-12-23,lv,A-,6.799999999999997,5.783520000000003
75,75,2015-12-23,lv,C+,1.0,0.2615300000000005
76,76,2015-12-24,lv,A-,9.200000000000005,8.15233
77,77,2015-12-25,lv,A-,8.0,6.92098
78,78,2015-12-26,lv,A-,7.700000000000003,6.589530000000003
79,79,2015-12-27,lv,A-,8.300000000000004,7.159929999999996
80,80,2015-12-28,lv,A-,-3.0,-4.170920000000002
81,81,2015-12-29,lv,A-,7.799999999999997,6.598219999999998
82,82,2015-12-30,lv,A-,7.399999999999999,6.167369999999998
83,83,2015-12-31,lv,A-,7.199999999999996,5.936520000000002
84,84,2016-01-01,lv,A-,5.399999999999999,4.107579999999999
85,85,2016-01-02,lv,A-,5.299999999999997,3.980489999999996
86,86,2016-01-03,lv,A-,2.0,0.6518800000000056
87,87,2016-01-04,lv,A-,3.1000000000000014,1.720950000000002
88,88,2016-01-04,rv,A,-3.0,-4.240410000000004
89,89,2016-01-05,lv,A-,4.700000000000003,3.292430000000003
90,90,2016-01-05,rv,A,-3.0,-4.240410000000004
91,91,2016-01-06,lv,A-,7.0,5.564079999999997
92,92,2016-01-06,rv,A,-3.0,-4.240410000000004
93,93,2016-01-07,lv,A-,8.200000000000003,6.736229999999999
94,94,2016-01-07,rv,A,-3.0,-4.240410000000004
95,95,2016-01-08,lv,A-,10.0,8.506009999999996
96,96,2016-01-09,lv,A-,8.299999999999997,6.77619
97,97,2016-01-09,rv,A-,10.0,6.319369999999999
98,98,2016-01-10,lv,A-,7.100000000000001,5.544499999999999
99,99,2016-01-10,rv,A-,10.0,6.319369999999999
100,100,2016-01-10,rv,B-,-2.0,-3.1529100000000057
101,101,2016-01-11,lv,A-,6.600000000000001,5.01482
102,102,2016-01-11,rv,A-,10.0,6.319369999999999
103,103,2016-01-12,lv,A-,9.0,7.386110000000002
104,104,2016-01-12,rv,A-,10.0,6.319369999999999
105,105,2016-01-13,lv,A-,9.6,7.958159999999999
106,106,2016-01-13,rv,A-,10.0,6.319369999999999
107,107,2016-01-14,lv,A-,8.0,6.328189999999999
108,108,2016-01-15,lv,A-,4.399999999999999,2.6952700000000007
109,109,2016-01-16,lv,A-,2.6000000000000014,0.8632399999999976
110,110,2016-01-17,lv,A-,1.7000000000000028,-0.0666900000000012
111,111,2016-01-18,lv,A-,0.2999999999999971,-1.49803
112,112,2016-01-19,lv,A-,2.8000000000000043,0.97269
113,113,2016-01-19,lv,C-,0.0,-3.8392899999999983
114,114,2016-01-20,lv,A-,8.699999999999996,6.84619
115,115,2016-01-20,lv,C-,0.0,-3.8392899999999983
116,116,2016-01-21,lv,A-,11.799999999999995,9.9193
117,117,2016-01-21,rv,A-,1.0,-0.234339999999996
118,118,2016-01-22,lv,A-,9.299999999999995,7.3898300000000035
119,119,2016-01-22,rv,A-,1.0,-0.234339999999996
120,120,2016-01-23,lv,A-,10.900000000000006,8.962499999999999
121,121,2016-01-23,rv,A-,1.0,-0.234339999999996
122,122,2016-01-24,lv,A-,8.899999999999999,6.935109999999995
123,123,2016-01-24,rv,A-,1.0,-0.234339999999996
124,124,2016-01-25,lv,A-,9.4,7.404069999999997
125,125,2016-01-26,lv,A-,10.799999999999995,8.774210000000004
126,126,2016-01-27,lv,A-,11.1,9.04291
127,127,2016-01-28,lv,A-,10.700000000000005,8.611579999999996
128,128,2016-01-29,lv,A-,11.6,9.480109999999996
129,129,2016-01-30,lv,A-,7.600000000000001,5.448329999999999
130,130,2016-01-31,lv,A-,3.6000000000000014,1.417659999999998
131,131,2016-02-01,lv,A-,7.599999999999994,5.38729
132,132,2016-02-02,lv,A-,7.399999999999999,5.158849999999994
133,133,2016-02-02,rv,A-,5.0,3.3637900000000016
134,134,2016-02-02,v,B+,7.0,4.311160000000001
135,135,2016-02-03,lv,A-,9.5,7.227690000000003
136,136,2016-02-03,rv,A-,5.0,3.3637900000000016
137,137,2016-02-03,v,B+,7.0,4.311160000000001
138,138,2016-02-04,lv,A-,10.0,7.69717
139,139,2016-02-04,rv,A-,5.0,3.3637900000000016
140,140,2016-02-05,lv,A-,14.099999999999994,11.767610000000005
141,141,2016-02-06,lv,A-,9.0,6.63561
142,142,2016-02-07,lv,A-,6.900000000000006,4.503720000000001
143,143,2016-02-08,lv,A-,5.600000000000001,3.171969999999994
144,144,2016-02-09,lv,A-,4.100000000000001,1.643900000000002
145,145,2016-02-10,lv,A-,5.700000000000003,3.21219
146,146,2016-02-10,rv,A-,1.0,-0.9388499999999952
147,147,2016-02-11,lv,A-,6.899999999999999,4.384650000000001
148,148,2016-02-11,lv,B+,-2.0,-4.731999999999999
149,149,2016-02-11,rv,A-,1.0,-0.9388499999999952
150,150,2016-02-12,lv,A-,7.5,4.958619999999996
151,151,2016-02-12,lv,B+,-2.0,-4.731999999999999
152,152,2016-02-12,rv,A-,1.0,-0.9388499999999952
153,153,2016-02-13,lv,A-,8.899999999999999,6.322659999999999
154,154,2016-02-13,lv,B+,-2.0,-4.731999999999999
155,155,2016-02-13,rv,A-,1.0,-0.9388499999999952
156,156,2016-02-14,lv,A-,7.100000000000001,4.4831900000000005
157,157,2016-02-14,lv,B+,-2.0,-4.731999999999999
158,158,2016-02-14,rv,A-,4.92125529489263,1.7645026128519326
159,159,2016-02-15,lv,A-,4.399999999999999,1.7445799999999991
160,160,2016-02-15,lv,B+,-2.0,-4.731999999999999
161,161,2016-02-15,rv,A,5.0,2.5218399999999974
162,162,2016-02-15,rv,A-,4.92125529489263,1.7645026128519326
163,163,2016-02-16,lv,A-,4.899999999999999,2.209520000000005
164,164,2016-02-16,rv,A,5.0,2.5218399999999974
165,165,2016-02-16,rv,A-,10.0,5.265840000000004
166,166,2016-02-17,lv,A-,4.400000000000006,1.6754800000000003
167,167,2016-02-17,rv,A,5.0,2.5218399999999974
168,168,2016-02-18,lv,A-,4.299999999999997,1.5343400000000005
169,169,2016-02-19,lv,A-,8.100000000000001,5.303690000000003
170,170,2016-02-20,lv,A-,6.899999999999999,4.0720600000000005
171,171,2016-02-21,lv,A-,6.5,3.643230000000002
172,172,2016-02-22,lv,A-,6.5,3.61327
173,173,2016-02-23,lv,A-,5.299999999999997,2.38861
174,174,2016-02-24,lv,A-,4.5,1.5730000000000004
175,175,2016-02-24,rv,A-,8.0,5.719370000000005
176,176,2016-02-25,lv,A-,7.199999999999996,4.2527900000000045
177,177,2016-02-25,rv,A-,8.0,5.719370000000005
178,178,2016-02-26,lv,A-,7.399999999999999,4.43038
179,179,2016-02-26,rv,A-,8.0,5.719370000000005
180,180,2016-02-27,lv,A-,9.9,6.90616
181,181,2016-02-27,rv,A-,8.0,5.719370000000005
182,182,2016-02-28,lv,A-,9.700000000000005,6.679139999999997
183,183,2016-02-29,lv,A-,11.0,7.958939999999998
184,184,2016-02-29,lv,C+,5.0,2.191920000000003
185,185,2016-03-01,lv,A-,11.400000000000006,8.33576
186,186,2016-03-01,lv,C+,5.0,2.191920000000003
187,187,2016-03-02,lv,A-,14.0,10.91444
188,188,2016-03-03,lv,A-,12.9,9.814429999999994
189,189,2016-03-03,rv,A+,9.0,4.464639999999996
190,190,2016-03-03,rv,A-,13.0,7.75761
191,191,2016-03-04,lv,A-,13.799999999999995,10.715349999999994
192,192,2016-03-04,rv,A+,9.0,4.464639999999996
193,193,2016-03-04,rv,A-,13.0,7.75761
194,194,2016-03-05,lv,A-,14.9,11.803829999999998
195,195,2016-03-05,rv,A+,9.0,4.464639999999996
196,196,2016-03-05,rv,A-,13.0,7.75761
197,197,2016-03-06,lv,A-,10.800000000000004,7.690860000000001
198,198,2016-03-06,rv,A+,9.0,4.464639999999996
199,199,2016-03-06,rv,A-,13.0,7.75761
200,200,2016-03-07,lv,A-,6.700000000000003,3.572790000000005
201,201,2016-03-08,lv,A-,4.899999999999999,1.7628599999999963
202,202,2016-03-09,lv,A-,3.799999999999997,0.6537900000000008
203,203,2016-03-10,lv,A-,2.3999999999999986,-0.754099999999994
204,204,2016-03-10,rv,B,1.0,-2.287329999999997
205,205,2016-03-11,lv,A-,5.300000000000004,2.1374799999999965
206,206,2016-03-11,rv,B,1.0,-2.287329999999997
207,207,2016-03-12,lv,A-,5.399999999999999,2.22739
208,208,2016-03-12,rv,B,1.0,-2.287329999999997
209,209,2016-03-13,lv,A-,2.8999999999999986,-0.2761899999999997
210,210,2016-03-13,lv,C+,9.300000000000004,2.288850000000004
211,211,2016-03-14,lv,A-,2.5999999999999943,-0.5808199999999957
212,212,2016-03-14,lv,C+,9.300000000000004,2.288850000000004
213,213,2016-03-15,lv,A-,0.3000000000000042,-2.886720000000004
214,214,2016-03-15,lv,C+,9.300000000000004,2.288850000000004
215,215,2016-03-16,lv,A-,-1.5,-4.687069999999999
216,216,2016-03-16,lv,C+,9.300000000000004,2.288850000000004
217,217,2016-03-16,rv,A-,6.0,3.392250000000004
218,218,2016-03-17,lv,A-,1.1000000000000014,-2.084240000000001
219,219,2016-03-17,lv,B-,13.0,8.165660000000003
220,220,2016-03-17,lv,C+,9.300000000000004,2.288850000000004
221,221,2016-03-17,lv,C-,7.0,4.2298899999999975
222,222,2016-03-17,rv,A+,8.0,3.3603000000000023
223,223,2016-03-17,rv,A-,9.093953407390762,6.070508961937446
224,224,2016-03-18,lv,A-,4.0,0.7939599999999984
225,225,2016-03-18,lv,B-,13.0,8.165660000000003
226,226,2016-03-18,lv,C-,6.999999999999999,2.8125423174342057
227,227,2016-03-18,rv,A+,8.0,3.3603000000000023
228,228,2016-03-18,rv,A-,9.093953407390762,6.070508961937446
229,229,2016-03-19,lv,A+,18.0,15.240739999999995
230,230,2016-03-19,lv,A-,7.200000000000003,3.962379999999996
231,231,2016-03-19,lv,B-,13.0,8.165660000000003
232,232,2016-03-19,lv,C-,6.999999999999999,2.8125423174342057
233,233,2016-03-19,rv,A+,8.0,3.3603000000000023
234,234,2016-03-19,rv,A-,9.093953407390762,6.070508961937446
235,235,2016-03-20,lv,A+,18.0,15.240739999999995
236,236,2016-03-20,lv,A-,6.5,3.249130000000001
237,237,2016-03-20,lv,B-,13.0,8.165660000000003
238,238,2016-03-20,lv,C-,6.999999999999999,2.8125423174342057
239,239,2016-03-20,rv,A,11.0,7.901040000000002
240,240,2016-03-20,rv,A+,8.0,3.3603000000000023
241,241,2016-03-20,rv,A-,9.093953407390762,6.070508961937446
242,242,2016-03-21,lv,A+,18.0,15.240739999999995
243,243,2016-03-21,lv,A-,7.699999999999996,4.44764
244,244,2016-03-21,lv,B-,13.0,8.165660000000003
245,245,2016-03-21,lv,C-,12.89385794998354,8.77163799767781
246,246,2016-03-21,rv,A,11.0,7.901040000000002
247,247,2016-03-21,rv,A-,6.0,3.392250000000004
248,248,2016-03-22,lv,A+,18.0,15.240739999999995
249,249,2016-03-22,lv,A-,7.5,4.255120000000005
250,250,2016-03-22,lv,B-,13.0,8.165660000000003
251,251,2016-03-22,lv,C-,12.89385794998354,8.77163799767781
252,252,2016-03-22,rv,A,11.0,7.901040000000002
253,253,2016-03-23,lv,A-,10.5,7.251790000000007
254,254,2016-03-23,lv,B-,13.0,8.165660000000003
255,255,2016-03-23,lv,C-,12.89385794998354,8.77163799767781
256,256,2016-03-24,lv,A-,10.5,7.2605
257,257,2016-03-24,lv,B-,13.0,8.165660000000003
258,258,2016-03-24,lv,C-,18.0,12.706379999999996
259,259,2016-03-24,v,B+,7.0,3.275669999999998
260,260,2016-03-25,lv,A-,14.799999999999995,11.57072
261,261,2016-03-25,v,B+,7.0,3.275669999999998
262,262,2016-03-26,lv,A-,14.5,11.277789999999996
263,263,2016-03-26,rv,B,4.0,0.6366700000000023
264,264,2016-03-26,v,B+,7.0,3.275669999999998
265,265,2016-03-27,lv,A-,14.800000000000004,11.589980000000004
266,266,2016-03-27,rv,B,4.0,0.6366700000000023
267,267,2016-03-28,lv,A-,12.199999999999996,8.965690000000002
268,268,2016-03-28,rv,A-,12.0,10.064100000000003
269,269,2016-03-28,rv,B,4.0,0.6366700000000023
270,270,2016-03-28,rv,C-,12.0,7.045899999999996
271,271,2016-03-29,lv,A-,10.5,7.249940000000002
272,272,2016-03-29,rv,A,9.0,3.241460000000004
273,273,2016-03-29,rv,A-,12.0,10.064100000000003
274,274,2016-03-29,rv,B,4.0,0.6366700000000023
275,275,2016-03-29,rv,C-,12.0,7.045899999999996
276,276,2016-03-30,lv,A-,9.6,6.357900000000001
277,277,2016-03-30,rv,A,9.0,3.241460000000004
278,278,2016-03-30,rv,A-,12.0,10.064100000000003
279,279,2016-03-30,rv,C-,12.0,7.045899999999996
280,280,2016-03-31,lv,A-,10.299999999999995,7.07394
281,281,2016-03-31,lv,C+,6.0,2.935220000000001
282,282,2016-03-31,rv,A,9.0,3.241460000000004
283,283,2016-03-31,rv,A-,12.0,10.064100000000003
284,284,2016-03-31,rv,C-,12.0,7.045899999999996
285,285,2016-04-01,lv,A-,6.799999999999997,3.5895599999999988
286,286,2016-04-01,lv,C+,6.0,2.935220000000001
287,287,2016-04-01,rv,A-,12.0,10.064100000000003
288,288,2016-04-01,rv,C-,12.0,7.045899999999996
289,289,2016-04-02,lv,A-,8.5,5.308149999999998
290,290,2016-04-02,lv,C+,6.0,2.935220000000001
291,291,2016-04-02,rv,A-,12.0,10.064100000000003
292,292,2016-04-02,rv,C-,12.0,7.045899999999996
293,293,2016-04-03,lv,A-,10.0,6.823259999999998
294,294,2016-04-03,lv,C+,6.0,2.935220000000001
295,295,2016-04-03,rv,C-,12.0,7.045899999999996
296,296,2016-04-04,lv,A-,11.699999999999996,8.535040000000002
297,297,2016-04-05,lv,A-,11.800000000000004,8.654160000000005
298,298,2016-04-06,lv,A-,16.400000000000002,13.279740000000004
299,299,2016-04-07,lv,A-,16.300000000000004,13.20187
300,300,2016-04-08,lv,A-,13.0,9.928399999999996
301,301,2016-04-08,rv,A-,10.0,6.148350000000001
302,302,2016-04-09,lv,A-,11.9,8.857910000000004
303,303,2016-04-09,rv,A-,10.0,6.148350000000001
304,304,2016-04-10,lv,A-,11.099999999999994,8.078139999999998
305,305,2016-04-10,rv,A-,10.488315834636518,5.988651189440475
306,306,2016-04-11,lv,A-,9.199999999999996,6.208680000000001
307,307,2016-04-11,rv,A,7.0,4.116789999999995
308,308,2016-04-11,rv,A-,10.488315834636518,5.988651189440475
309,309,2016-04-11,rv,C-,9.0,4.332540000000002
310,310,2016-04-12,lv,A-,9.799999999999995,6.836570000000002
311,311,2016-04-12,rv,A,7.0,4.116789999999995
312,312,2016-04-12,rv,A-,10.488315834636518,5.988651189440475
313,313,2016-04-12,rv,C-,9.0,4.332540000000002
314,314,2016-04-13,lv,A-,12.799999999999995,9.869149999999998
315,315,2016-04-13,rv,A,7.0,4.116789999999995
316,316,2016-04-13,rv,A-,11.0,5.821310000000004
317,317,2016-04-13,rv,C-,9.0,4.332540000000002
318,318,2016-04-14,lv,A-,11.700000000000005,8.80323
319,319,2016-04-14,rv,A-,11.0,5.821310000000004
320,320,2016-04-14,rv,C-,9.0,4.332540000000002
321,321,2016-04-15,lv,A-,10.800000000000004,7.93685
322,322,2016-04-15,rv,C-,9.0,4.332540000000002
323,323,2016-04-16,lv,A-,13.5,10.67252
324,324,2016-04-16,rv,C-,9.0,4.332540000000002
325,325,2016-04-17,lv,A-,12.0,9.220969999999994
326,326,2016-04-17,lv,B,3.0,0.8650299999999973
327,327,2016-04-17,rv,C-,9.0,4.332540000000002
328,328,2016-04-18,lv,A-,9.699999999999996,6.969149999999999
329,329,2016-04-18,lv,B,3.0,0.8650299999999973
330,330,2016-04-18,rv,C-,8.0,3.6009399999999943
331,331,2016-04-19,lv,A-,11.5,8.804960000000001
332,332,2016-04-19,lv,B,3.0,0.8650299999999973
333,333,2016-04-19,lv,C-,7.0,2.227890000000002
334,334,2016-04-19,rv,C-,8.0,3.6009399999999943
335,335,2016-04-20,lv,A-,12.800000000000004,10.143279999999995
336,336,2016-04-20,lv,B,3.0,0.8650299999999973
337,337,2016-04-20,lv,B+,11.0,8.126629999999999
338,338,2016-04-20,lv,C-,7.0,2.227890000000002
339,339,2016-04-20,rv,C-,8.0,3.6009399999999943
340,340,2016-04-21,lv,A-,9.5,6.895499999999998
341,341,2016-04-21,lv,B+,11.0,8.126629999999999
342,342,2016-04-21,rv,C-,8.0,3.6009399999999943
343,343,2016-04-22,lv,A-,8.100000000000001,5.546910000000004
344,344,2016-04-22,lv,B+,11.0,8.126629999999999
345,345,2016-04-22,rv,A-,7.0,5.807310000000001
346,346,2016-04-22,rv,B,3.0,0.3057900000000018
347,347,2016-04-22,rv,C-,8.0,3.6009399999999943
348,348,2016-04-23,lv,A-,7.399999999999999,4.8931400000000025
349,349,2016-04-23,lv,B+,11.0,8.126629999999999
350,350,2016-04-23,rv,A-,7.0,5.807310000000001
351,351,2016-04-23,rv,B,3.0,0.3057900000000018
352,352,2016-04-23,rv,C-,8.0,3.6009399999999943
353,353,2016-04-24,lv,A-,7.699999999999996,5.242619999999995
354,354,2016-04-24,lv,B+,11.0,8.126629999999999
355,355,2016-04-24,rv,A-,7.0,5.807310000000001
356,356,2016-04-24,rv,B,3.0,0.3057900000000018
357,357,2016-04-24,rv,C-,8.0,3.6009399999999943
358,358,2016-04-25,lv,A-,6.700000000000003,4.2894700000000014
359,359,2016-04-25,lv,C+,0.0,-2.244610000000001
360,360,2016-04-25,rv,A-,7.0,5.807310000000001
361,361,2016-04-25,rv,B,3.0,0.3057900000000018
362,362,2016-04-25,rv,C-,6.0,1.9320100000000051
363,363,2016-04-26,lv,A-,7.200000000000003,4.83605
364,364,2016-04-26,lv,C+,0.0,-2.244610000000001
365,365,2016-04-26,rv,A-,7.0,5.807310000000001
366,366,2016-04-26,rv,B,3.0,0.3057900000000018
367,367,2016-04-26,rv,C-,6.0,1.9320100000000051
368,368,2016-04-27,lv,A-,7.100000000000001,4.776849999999996
369,369,2016-04-27,lv,C+,-2.0,-4.1511799999999965
370,370,2016-04-27,rv,A-,7.0,5.807310000000001
371,371,2016-04-27,rv,C-,6.0,1.9320100000000051
372,372,2016-04-28,lv,A-,10.200000000000005,7.917680000000004
373,373,2016-04-28,lv,C+,-2.0,-4.1511799999999965
374,374,2016-04-28,rv,A-,10.066934712386043,8.64766979895067
375,375,2016-04-28,rv,C-,6.0,1.9320100000000051
376,376,2016-04-29,lv,A-,10.0,7.763309999999997
377,377,2016-04-29,rv,A-,13.0,11.36405
378,378,2016-04-29,rv,C-,6.0,1.9320100000000051
379,379,2016-04-30,lv,A-,12.700000000000005,10.505020000000002
380,380,2016-04-30,rv,A-,13.0,11.36405
381,381,2016-04-30,rv,C-,6.0,1.9320100000000051
382,382,2016-05-01,lv,A-,10.0,7.846730000000001
383,383,2016-05-01,rv,A-,13.0,11.36405
384,384,2016-05-01,rv,C-,6.0,1.9320100000000051
385,385,2016-05-02,lv,A-,8.299999999999997,6.187220000000004
386,386,2016-05-02,rv,C-,5.0,1.2241
387,387,2016-05-03,lv,A-,8.0,5.928130000000003
388,388,2016-05-03,rv,C-,5.0,1.2241
389,389,2016-05-04,lv,A-,4.600000000000001,2.571099999999994
390,390,2016-05-04,rv,C-,5.0,1.2241
391,391,2016-05-05,lv,A-,-0.3000000000000042,-2.2916799999999995
392,392,2016-05-05,rv,C-,5.0,1.2241
393,393,2016-05-06,lv,A-,1.1000000000000014,-0.8577799999999982
394,394,2016-05-06,rv,B,2.0,-0.0989000000000004
395,395,2016-05-06,rv,C-,5.0,1.2241
396,396,2016-05-06,v,B+,4.0,1.5660899999999955
397,397,2016-05-07,lv,A-,5.099999999999994,3.1692800000000005
398,398,2016-05-07,rv,B,2.0,-0.0989000000000004
399,399,2016-05-07,rv,C-,5.0,1.2241
400,400,2016-05-07,v,B+,4.0,1.5660899999999955
401,401,2016-05-08,lv,A-,0.1000000000000014,-1.801320000000004
402,402,2016-05-08,rv,B,2.0,-0.0989000000000004
403,403,2016-05-08,rv,C-,5.0,1.2241
404,404,2016-05-08,v,B+,4.0,1.5660899999999955
405,405,2016-05-09,lv,A-,2.700000000000003,0.8366899999999973
406,406,2016-05-09,rv,B,2.0,-0.0989000000000004
407,407,2016-05-09,rv,C-,3.0,-0.5414299999999983
408,408,2016-05-09,v,B+,4.0,1.5660899999999955
409,409,2016-05-10,lv,A-,4.400000000000006,2.5626000000000038
410,410,2016-05-10,rv,B-,2.0,0.4397699999999958
411,411,2016-05-10,rv,C-,3.0,-0.5414299999999983
412,412,2016-05-11,lv,A-,6.199999999999996,4.3952699999999965
413,413,2016-05-11,lv,C-,4.0,2.6645400000000024
414,414,2016-05-11,rv,C-,3.0,-0.5414299999999983
415,415,2016-05-12,lv,A-,4.299999999999997,2.528620000000004
416,416,2016-05-12,lv,C-,4.0,2.6645400000000024
417,417,2016-05-12,rv,C-,3.0,-0.5414299999999983
418,418,2016-05-13,lv,A-,5.0,3.268659999999997
419,419,2016-05-13,lv,C-,4.0,2.6645400000000024
420,420,2016-05-13,rv,A-,6.0,3.4886100000000013
421,421,2016-05-13,rv,C-,3.0,-0.5414299999999983
422,422,2016-05-14,lv,A-,5.899999999999999,4.210409999999996
423,423,2016-05-14,lv,C-,4.0,2.6645400000000024
424,424,2016-05-14,rv,A,-3.0,-4.550939999999997
425,425,2016-05-14,rv,A-,6.0,3.4886100000000013
426,426,2016-05-14,rv,C-,3.0,-0.5414299999999983
427,427,2016-05-15,lv,A-,4.900000000000006,3.2500399999999985
428,428,2016-05-15,lv,C-,4.0,2.6645400000000024
429,429,2016-05-15,rv,A,-3.0,-4.550939999999997
430,430,2016-05-15,rv,A-,4.538788366457024,1.3964520537986116
431,431,2016-05-15,rv,C-,3.0,-0.5414299999999983
432,432,2016-05-16,lv,A-,3.800000000000004,2.203070000000004
433,433,2016-05-16,lv,B-,2.0,1.2519099999999952
434,434,2016-05-16,lv,C-,4.0,2.6645400000000024
435,435,2016-05-16,rv,A,-3.0,-4.550939999999997
436,436,2016-05-16,rv,A+,-2.0,-5.046709999999997
437,437,2016-05-16,rv,A-,4.538788366457024,1.3964520537986116
438,438,2016-05-16,rv,C-,4.0,0.7530900000000003
439,439,2016-05-17,lv,A-,6.0,4.457129999999999
440,440,2016-05-17,lv,B-,2.0,1.2519099999999952
441,441,2016-05-17,lv,C+,-5.0,-6.384159999999994
442,442,2016-05-17,rv,A,-3.0,-4.550939999999997
443,443,2016-05-17,rv,A+,-2.0,-5.046709999999997
444,444,2016-05-17,rv,A-,4.538788366457024,1.3964520537986116
445,445,2016-05-17,rv,C+,0.0,-1.4193500000000014
446,446,2016-05-17,rv,C-,4.0,0.7530900000000003
447,447,2016-05-18,lv,A-,6.0,4.476470000000006
448,448,2016-05-18,lv,B-,2.0,1.2519099999999952
449,449,2016-05-18,lv,C+,-5.0,-6.384159999999994
450,450,2016-05-18,rv,A+,-2.0,-5.046709999999997
451,451,2016-05-18,rv,A-,3.0,-0.8067800000000034
452,452,2016-05-18,rv,C+,0.0,-1.4193500000000014
453,453,2016-05-18,rv,C-,4.0,0.7530900000000003
454,454,2016-05-19,lv,A-,4.099999999999994,2.622340000000001
455,455,2016-05-19,lv,B-,2.0,1.2519099999999952
456,456,2016-05-19,rv,A+,-2.0,-5.046709999999997
457,457,2016-05-19,rv,A-,3.0,-0.8067800000000034
458,458,2016-05-19,rv,C+,0.0,-1.4193500000000014
459,459,2016-05-19,rv,C-,4.0,0.7530900000000003
460,460,2016-05-20,lv,A-,5.099999999999994,3.6681000000000026
461,461,2016-05-20,rv,B,1.0,-0.5730199999999996
462,462,2016-05-20,rv,C+,0.0,-1.4193500000000014
463,463,2016-05-20,rv,C-,4.0,0.7530900000000003
464,464,2016-05-21,lv,A-,6.5,5.063250000000004
465,465,2016-05-21,rv,B,1.0,-0.5730199999999996
466,466,2016-05-21,rv,C-,4.0,0.7530900000000003
467,467,2016-05-22,lv,A-,3.6000000000000014,2.1620199999999983
468,468,2016-05-22,rv,B,1.0,-0.5730199999999996
469,469,2016-05-22,rv,C-,4.0,0.7530900000000003
470,470,2016-05-23,lv,A-,5.900000000000006,4.479880000000001
471,471,2016-05-23,lv,C+,1.0,-0.2252000000000009
472,472,2016-05-23,rv,B,1.0,-0.5730199999999996
473,473,2016-05-23,rv,C-,2.0,-1.1146600000000009
474,474,2016-05-24,lv,A-,8.5,7.089370000000002
475,475,2016-05-24,lv,C+,1.0,-0.2252000000000009
476,476,2016-05-24,rv,A-,2.0,1.1724299999999983
477,477,2016-05-24,rv,C-,2.0,-1.1146600000000009
478,478,2016-05-25,lv,A-,10.299999999999995,8.89593
479,479,2016-05-25,rv,A-,2.0,1.1724299999999983
480,480,2016-05-25,rv,C-,2.0,-1.1146600000000009
481,481,2016-05-26,lv,A-,10.700000000000005,9.294400000000005
482,482,2016-05-26,rv,A-,2.0,1.1724299999999983
483,483,2016-05-26,rv,C-,2.0,-1.1146600000000009
484,484,2016-05-27,lv,A-,11.200000000000005,9.79497
485,485,2016-05-27,rv,A-,2.0,1.1724299999999983
486,486,2016-05-27,rv,C-,2.0,-1.1146600000000009
487,487,2016-05-28,lv,A-,10.1,8.691050000000004
488,488,2016-05-28,rv,A-,2.0,1.1724299999999983
489,489,2016-05-28,rv,C-,2.0,-1.1146600000000009
490,490,2016-05-29,lv,A-,11.699999999999996,10.285249999999998
491,491,2016-05-29,rv,A-,2.0,1.1724299999999983
492,492,2016-05-29,rv,C-,2.0,-1.1146600000000009
493,493,2016-05-30,lv,A-,11.700000000000005,10.2789
494,494,2016-05-30,rv,A-,2.0,1.1724299999999983
495,495,2016-05-30,rv,C-,4.0,0.8712499999999963
496,496,2016-05-31,lv,A-,13.0,11.575290000000004
497,497,2016-05-31,lv,C+,1.0,-0.2083200000000005
498,498,2016-05-31,rv,A-,5.0,4.885400000000004
499,499,2016-05-31,rv,C-,4.0,0.8712499999999963
500,500,2016-06-01,lv,A-,13.799999999999995,12.37124
501,501,2016-06-01,lv,C+,1.0,-0.2083200000000005
502,502,2016-06-01,rv,A-,5.0,4.885400000000004
503,503,2016-06-01,rv,C-,4.0,0.8712499999999963
504,504,2016-06-02,lv,A-,12.1,10.680120000000002
505,505,2016-06-02,lv,C-,6.0,2.53886
506,506,2016-06-02,rv,A-,5.0,4.885400000000004
507,507,2016-06-02,rv,B,3.0,1.4390100000000032
508,508,2016-06-02,rv,C-,-1.0,-4.123910000000002
509,509,2016-06-03,lv,A-,9.0,7.576119999999996
510,510,2016-06-03,lv,C-,6.0,2.53886
511,511,2016-06-03,rv,A-,5.0,4.885400000000004
512,512,2016-06-03,rv,B,3.0,1.4390100000000032
513,513,2016-06-03,rv,C-,-1.0,-4.123910000000002
514,514,2016-06-04,lv,A-,10.999999999999996,9.57206
515,515,2016-06-04,lv,C-,6.0,2.53886
516,516,2016-06-04,rv,A-,5.0,4.885400000000004
517,517,2016-06-04,rv,B,3.0,1.4390100000000032
518,518,2016-06-04,rv,C-,-1.0,-4.123910000000002
519,519,2016-06-05,lv,A-,14.9,13.467240000000004
520,520,2016-06-05,lv,C-,6.0,2.53886
521,521,2016-06-05,rv,A,3.0,1.7058899999999966
522,522,2016-06-05,rv,A-,5.0,4.885400000000004
523,523,2016-06-05,rv,B,3.0,1.4390100000000032
524,524,2016-06-05,rv,C-,-1.0,-4.123910000000002
525,525,2016-06-06,lv,A-,14.1,12.66489
526,526,2016-06-06,lv,C+,1.0,-0.2199899999999957
527,527,2016-06-06,rv,A,3.0,1.7058899999999966
528,528,2016-06-06,rv,C-,4.0,0.8530000000000015
529,529,2016-06-07,lv,A-,12.6,11.157039999999997
530,530,2016-06-07,lv,C+,1.0,-0.2199899999999957
531,531,2016-06-07,rv,A,3.0,1.7058899999999966
532,532,2016-06-07,rv,B+,6.0,3.597699999999996
533,533,2016-06-07,rv,C-,4.0,0.8530000000000015
534,534,2016-06-08,lv,A-,14.2,12.751649999999998
535,535,2016-06-08,rv,A,3.0,1.1548373761088406
536,536,2016-06-08,rv,B+,6.0,3.597699999999996
537,537,2016-06-08,rv,C-,4.0,0.8530000000000015
538,538,2016-06-09,lv,A-,13.5,12.048649999999997
539,539,2016-06-09,rv,A-,7.0,4.768599999999999
540,540,2016-06-09,rv,B+,6.0,3.597699999999996
541,541,2016-06-09,rv,C-,4.0,0.8530000000000015
542,542,2016-06-10,lv,A+,12.0,11.01914
543,543,2016-06-10,lv,A-,12.599999999999998,11.140790000000004
544,544,2016-06-10,lv,C+,7.600000000000001,2.295639999999999
545,545,2016-06-10,rv,A-,7.0,4.768599999999999
546,546,2016-06-10,rv,B+,6.0,3.597699999999996
547,547,2016-06-10,rv,C-,4.0,0.8530000000000015
548,548,2016-06-11,lv,A+,12.0,11.01914
549,549,2016-06-11,lv,A-,12.9,11.430619999999998
550,550,2016-06-11,lv,C+,7.600000000000001,2.295639999999999
551,551,2016-06-11,rv,A-,6.067093531876379,3.1898237258650357
552,552,2016-06-11,rv,B+,6.0,3.597699999999996
553,553,2016-06-11,rv,C-,4.0,0.8530000000000015
554,554,2016-06-12,lv,A+,12.0,11.01914
555,555,2016-06-12,lv,A-,15.0,13.52082
556,556,2016-06-12,lv,C+,7.600000000000001,2.295639999999999
557,557,2016-06-12,rv,A-,6.067093531876379,3.1898237258650357
558,558,2016-06-12,rv,B+,6.0,3.597699999999996
559,559,2016-06-12,rv,C-,4.0,0.8530000000000015
560,560,2016-06-13,lv,A+,12.0,11.01914
561,561,2016-06-13,lv,A-,11.699999999999996,10.23066
562,562,2016-06-13,lv,C+,7.600000000000001,2.295639999999999
563,563,2016-06-13,rv,A-,6.067093531876379,3.1898237258650357
564,564,2016-06-13,rv,B+,6.0,3.597699999999996
565,565,2016-06-13,rv,C-,4.0,0.8298300000000012
566,566,2016-06-14,lv,A-,14.0,12.53387
567,567,2016-06-14,lv,C,5.0,3.832320000000003
568,568,2016-06-14,lv,C+,6.276417112259548,3.032672040334856
569,569,2016-06-14,rv,B+,6.0,3.597699999999996
570,570,2016-06-14,rv,C-,4.0,0.8298300000000012
571,571,2016-06-15,lv,A+,7.0,4.842759999999998
572,572,2016-06-15,lv,A-,11.299999999999995,9.83907
573,573,2016-06-15,lv,C,5.0,3.832320000000003
574,574,2016-06-15,lv,C+,6.276417112259548,3.032672040334856
575,575,2016-06-15,rv,B+,9.0,6.597699999999996
576,576,2016-06-15,rv,C-,4.0,0.8298300000000012
577,577,2016-06-16,lv,A+,7.0,4.842759999999998
578,578,2016-06-16,lv,A-,13.4,11.94518
579,579,2016-06-16,lv,C,5.0,3.832320000000003
580,580,2016-06-16,lv,C+,7.600000000000001,2.295639999999999
581,581,2016-06-16,rv,A-,4.0,3.1915499999999994
582,582,2016-06-16,rv,B+,9.0,6.597699999999996
583,583,2016-06-16,rv,B-,3.5,2.3749499999999983
584,584,2016-06-16,rv,C-,4.0,0.8298300000000012
585,585,2016-06-17,lv,A+,7.0,4.842759999999998
586,586,2016-06-17,lv,A-,11.300000000000004,9.87113
587,587,2016-06-17,lv,C,5.0,3.832320000000003
588,588,2016-06-17,rv,A-,4.0,3.1915499999999994
589,589,2016-06-17,rv,B+,9.0,6.597699999999996
590,590,2016-06-17,rv,C+,9.0,7.694659999999999
591,591,2016-06-17,rv,C-,4.0,0.8298300000000012
592,592,2016-06-18,lv,A+,7.0,4.842759999999998
593,593,2016-06-18,lv,A-,11.6,10.19641
594,594,2016-06-18,lv,C,5.0,3.832320000000003
595,595,2016-06-18,rv,A-,4.0,3.1915499999999994
596,596,2016-06-18,rv,B,4.0,2.430010000000003
597,597,2016-06-18,rv,B+,9.0,6.597699999999996
598,598,2016-06-18,rv,C+,9.0,7.694659999999999
599,599,2016-06-18,rv,C-,4.0,0.8298300000000012
600,600,2016-06-19,a,A,9.0,4.946220000000004
601,601,2016-06-19,lv,A+,7.0,4.842759999999998
602,602,2016-06-19,lv,A-,11.9,10.50871
603,603,2016-06-19,rv,A-,2.456732936324855,0.23894573265898522
604,604,2016-06-19,rv,B,4.0,2.430010000000003
605,605,2016-06-19,rv,B+,9.0,6.597699999999996
606,606,2016-06-19,rv,C+,9.0,7.694659999999999
607,607,2016-06-19,rv,C-,4.0,0.8298300000000012
608,608,2016-06-20,a,A,9.0,4.946220000000004
609,609,2016-06-20,lv,A+,9.0,6.914760000000001
610,610,2016-06-20,lv,A-,12.799999999999995,11.405389999999995
611,611,2016-06-20,lv,C+,5.0,3.821489999999997
612,612,2016-06-20,rv,A-,1.0,-2.548099999999998
613,613,2016-06-20,rv,B,4.0,2.430010000000003
614,614,2016-06-20,rv,B+,9.0,6.597699999999996
615,615,2016-06-20,rv,C+,9.0,7.694659999999999
616,616,2016-06-20,rv,C-,6.0,2.916560000000004
617,617,2016-06-21,a,A,9.0,4.946220000000004
618,618,2016-06-21,lv,A+,9.0,6.914760000000001
619,619,2016-06-21,lv,A-,10.700000000000005,9.320589999999996
620,620,2016-06-21,lv,C+,5.0,3.821489999999997
621,621,2016-06-21,rv,A-,1.5592495835328655,-0.45039395963906476
622,622,2016-06-21,rv,B+,9.0,6.597699999999996
623,623,2016-06-21,rv,C-,6.0,2.916560000000004
624,624,2016-06-22,a,A,9.0,4.946220000000004
625,625,2016-06-22,lv,A+,9.0,6.914760000000001
626,626,2016-06-22,lv,A-,10.9,9.526340000000005
627,627,2016-06-22,rv,A-,1.5592495835328655,-0.45039395963906476
628,628,2016-06-22,rv,B+,9.0,6.597699999999996
629,629,2016-06-22,rv,C-,6.0,2.916560000000004
630,630,2016-06-23,a,A,9.0,4.946220000000004
631,631,2016-06-23,lv,A+,9.0,6.914760000000001
632,632,2016-06-23,lv,A-,11.700000000000005,10.336910000000003
633,633,2016-06-23,lv,B-,11.0,8.04665
634,634,2016-06-23,rv,A-,1.5592495835328655,-0.45039395963906476
635,635,2016-06-23,rv,B+,9.0,6.597699999999996
636,636,2016-06-23,rv,C-,6.0,2.916560000000004
637,637,2016-06-24,a,A,9.0,4.946220000000004
638,638,2016-06-24,lv,A-,11.400000000000006,10.043369999999996
639,639,2016-06-24,lv,B-,11.0,8.04665
640,640,2016-06-24,rv,A-,1.581049382448532,1.1064420314199375
641,641,2016-06-24,rv,B,5.0,3.502250000000004
642,642,2016-06-24,rv,B+,9.0,6.597699999999996
643,643,2016-06-24,rv,C-,6.0,2.916560000000004
644,644,2016-06-25,lv,A-,11.5,10.1586
645,645,2016-06-25,lv,B-,11.0,8.04665
646,646,2016-06-25,rv,A-,1.581049382448532,1.1064420314199375
647,647,2016-06-25,rv,B,5.0,3.502250000000004
648,648,2016-06-25,rv,B+,9.0,6.597699999999996
649,649,2016-06-25,rv,C-,6.0,2.916560000000004
650,650,2016-06-26,lv,A-,11.6,10.269550000000002
651,651,2016-06-26,lv,B+,4.0,2.4529
652,652,2016-06-26,lv,B-,11.0,8.04665
653,653,2016-06-26,rv,A,5.0,3.7972499999999982
654,654,2016-06-26,rv,A-,1.581049382448532,1.1064420314199375
655,655,2016-06-26,rv,B,5.0,3.502250000000004
656,656,2016-06-26,rv,B+,9.0,6.597699999999996
657,657,2016-06-26,rv,C-,6.0,2.916560000000004
658,658,2016-06-27,lv,A-,9.199999999999996,7.8864500000000035
659,659,2016-06-27,lv,B+,4.0,2.4529
660,660,2016-06-27,lv,B-,11.0,8.04665
661,661,2016-06-27,rv,A,5.0,3.7972499999999982
662,662,2016-06-27,rv,A-,1.581049382448532,1.1064420314199375
663,663,2016-06-27,rv,B,5.0,3.502250000000004
664,664,2016-06-27,rv,B-,2.0,1.010630000000006
665,665,2016-06-27,rv,C-,3.0,0.000869999999999
666,666,2016-06-27,v,B+,4.0,2.1934200000000037
667,667,2016-06-28,lv,A-,9.5,8.204900000000002
668,668,2016-06-28,lv,B+,4.0,2.4529
669,669,2016-06-28,lv,B-,11.0,8.04665
670,670,2016-06-28,lv,C+,-4.0,-5.10078
671,671,2016-06-28,lv,C-,2.0,-1.3548100000000003
672,672,2016-06-28,rv,A,5.0,3.7972499999999982
673,673,2016-06-28,rv,A-,1.0,0.972760000000001
674,674,2016-06-28,rv,B-,2.0,1.010630000000006
675,675,2016-06-28,rv,C-,3.0,0.000869999999999
676,676,2016-06-28,v,B+,4.0,2.1934200000000037
677,677,2016-06-29,lv,A-,8.600000000000001,7.325400000000002
678,678,2016-06-29,lv,B+,4.0,2.4529
679,679,2016-06-29,lv,C+,-4.0,-5.10078
680,680,2016-06-29,lv,C-,2.0,-1.3548100000000003
681,681,2016-06-29,rv,A-,1.0,0.972760000000001
682,682,2016-06-29,rv,C-,3.0,0.000869999999999
683,683,2016-06-30,lv,A-,9.6,8.34769
684,684,2016-06-30,rv,B+,2.0,-0.6185000000000045
685,685,2016-06-30,rv,C-,3.0,0.000869999999999
686,686,2016-07-01,lv,A-,11.199999999999996,9.9707
687,687,2016-07-01,lv,B-,4.0,3.364060000000002
688,688,2016-07-01,rv,B+,2.0,-0.6185000000000045
689,689,2016-07-01,rv,C-,3.0,0.000869999999999
690,690,2016-07-02,lv,A-,8.599999999999994,7.39087
691,691,2016-07-02,lv,B-,4.0,3.364060000000002
692,692,2016-07-02,rv,B,5.0,3.629579999999997
693,693,2016-07-02,rv,B+,2.0,-0.6185000000000045
694,694,2016-07-02,rv,C-,3.0,0.000869999999999
695,695,2016-07-03,lv,A-,10.599999999999994,9.41274
696,696,2016-07-03,lv,B-,4.0,3.364060000000002
697,697,2016-07-03,rv,B,5.0,3.629579999999997
698,698,2016-07-03,rv,B+,2.0,-0.6185000000000045
699,699,2016-07-03,rv,C-,3.0,0.000869999999999
700,700,2016-07-04,lv,A-,9.699999999999996,8.52684
701,701,2016-07-04,lv,B-,4.0,3.364060000000002
702,702,2016-07-04,rv,B,5.0,3.629579999999997
703,703,2016-07-04,rv,B+,2.0,-0.6185000000000045
704,704,2016-07-04,rv,C-,2.0,-0.8701700000000017
705,705,2016-07-05,lv,A-,9.200000000000005,8.033860000000004
706,706,2016-07-05,lv,B-,4.0,3.364060000000002
707,707,2016-07-05,lv,C+,-2.0,-2.974489999999996
708,708,2016-07-05,lv,C-,3.0,-0.2144199999999969
709,709,2016-07-05,rv,A,5.0,1.3096400000000017
710,710,2016-07-05,rv,B+,2.0,-0.6185000000000045
711,711,2016-07-05,rv,C-,2.0,-0.8701700000000017
712,712,2016-07-06,lv,A-,9.199999999999996,8.058980000000005
713,713,2016-07-06,lv,C-,3.0,-0.2144199999999969
714,714,2016-07-06,rv,A,5.0,1.3096400000000017
715,715,2016-07-06,rv,B+,2.0,-0.6185000000000045
716,716,2016-07-06,rv,C-,2.0,-0.8701700000000017
717,717,2016-07-07,lv,A-,12.6,11.495470000000005
718,718,2016-07-07,lv,C+,12.0,10.390699999999995
719,719,2016-07-07,rv,A,5.0,1.3096400000000017
720,720,2016-07-07,rv,B+,2.5879822690299785,-0.3031415898284643
721,721,2016-07-07,rv,C-,2.0,-0.8701700000000017
722,722,2016-07-08,lv,A-,11.700000000000005,10.61665
723,723,2016-07-08,lv,C+,5.7188001459169335,5.594340237460732
724,724,2016-07-08,rv,A,5.0,1.3096400000000017
725,725,2016-07-08,rv,A-,0.0,-1.8634100000000016
726,726,2016-07-08,rv,B+,2.5879822690299785,-0.3031415898284643
727,727,2016-07-08,rv,C-,2.0,-0.8701700000000017
728,728,2016-07-09,lv,A-,13.900000000000002,12.825939999999996
729,729,2016-07-09,lv,C+,7.595606270231543,7.458054988871079
730,730,2016-07-09,rv,A,5.0,1.3096400000000017
731,731,2016-07-09,rv,A-,2.7709369367024115,0.27600269945856254
732,732,2016-07-09,rv,B,3.0,1.7755300000000034
733,733,2016-07-09,rv,B+,2.5879822690299785,-0.3031415898284643
734,734,2016-07-09,rv,C-,2.0,-0.8701700000000017
735,735,2016-07-10,lv,A-,13.900000000000002,12.826339999999997
736,736,2016-07-10,lv,C+,5.699999999999996,6.59263
737,737,2016-07-10,rv,A-,2.7709369367024115,0.27600269945856254
738,738,2016-07-10,rv,B,3.0,1.7755300000000034
739,739,2016-07-10,rv,B+,2.5879822690299785,-0.3031415898284643
740,740,2016-07-10,rv,C-,2.0,-0.8701700000000017
741,741,2016-07-11,lv,A+,6.0,4.237160000000003
742,742,2016-07-11,lv,A-,12.2,11.1278
743,743,2016-07-11,lv,C+,5.800000000000004,6.699350000000003
744,744,2016-07-11,rv,A-,2.7709369367024115,0.27600269945856254
745,745,2016-07-11,rv,B,3.0,1.7755300000000034
746,746,2016-07-11,rv,B+,2.5879822690299785,-0.3031415898284643
747,747,2016-07-11,rv,C-,-1.0,-3.775210000000001
748,748,2016-07-12,lv,A+,6.0,4.237160000000003
749,749,2016-07-12,lv,A-,10.299999999999995,9.232239999999996
750,750,2016-07-12,lv,B+,2.3000000000000043,2.2892399999999995
751,751,2016-07-12,lv,C+,-1.734343797150419,-1.7069971434838531
752,752,2016-07-12,rv,A-,2.7709369367024115,0.27600269945856254
753,753,2016-07-12,rv,B+,2.940919891336881,0.626666338200658
754,754,2016-07-12,rv,C-,-1.0,-3.775210000000001
755,755,2016-07-13,lv,A+,6.0,4.237160000000003
756,756,2016-07-13,lv,A-,10.5,9.439480000000003
757,757,2016-07-13,lv,B+,2.3000000000000043,2.2892399999999995
758,758,2016-07-13,lv,B-,3.0,0.3532099999999971
759,759,2016-07-13,lv,C+,-2.7585320858779467,-2.7382087612309407
760,760,2016-07-13,rv,A-,5.51711404379453,3.6492814035161465
761,761,2016-07-13,rv,B+,2.940919891336881,0.626666338200658
762,762,2016-07-13,rv,C-,-1.0,-3.775210000000001
763,763,2016-07-14,lv,A+,3.881798153310046,2.1235387648035173
764,764,2016-07-14,lv,A-,7.800000000000004,6.745950000000001
765,765,2016-07-14,lv,B+,2.3000000000000043,2.2892399999999995
766,766,2016-07-14,lv,B-,3.0,0.3532099999999971
767,767,2016-07-14,lv,C+,-0.6000000000000014,0.602409999999999
768,768,2016-07-14,rv,A-,5.0,4.591819999999999
769,769,2016-07-14,rv,B+,2.940919891336881,0.626666338200658
770,770,2016-07-14,rv,C-,-1.0,-3.775210000000001
771,771,2016-07-15,lv,A+,2.0,0.2458100000000058
772,772,2016-07-15,lv,A-,6.5,5.459959999999995
773,773,2016-07-15,lv,B+,2.3000000000000043,2.2892399999999995
774,774,2016-07-15,lv,B-,3.0,0.3532099999999971
775,775,2016-07-15,lv,C+,-3.1000000000000014,-1.5324800000000067
776,776,2016-07-15,rv,A-,5.0,4.591819999999999
777,777,2016-07-15,rv,B,3.0,1.802189999999996
778,778,2016-07-15,rv,B+,2.940919891336881,0.626666338200658
779,779,2016-07-15,rv,C-,-1.0,-3.775210000000001
780,780,2016-07-16,lv,A+,2.0,0.2458100000000058
781,781,2016-07-16,lv,A-,4.399999999999999,3.7153899999999993
782,782,2016-07-16,lv,B+,2.3000000000000043,2.2892399999999995
783,783,2016-07-16,lv,B-,3.0,0.3532099999999971
784,784,2016-07-16,lv,C+,-4.400000000000006,-2.4081100000000006
785,785,2016-07-16,rv,A-,5.0,4.591819999999999
786,786,2016-07-16,rv,B,3.0,1.802189999999996
787,787,2016-07-16,rv,B+,2.940919891336881,0.626666338200658
788,788,2016-07-16,rv,C-,-1.0,-3.775210000000001
789,789,2016-07-17,lv,A-,4.100000000000001,3.94755
790,790,2016-07-17,lv,B-,3.0,0.3532099999999971
791,791,2016-07-17,lv,C+,-4.799999999999997,-2.3326899999999995
792,792,2016-07-17,rv,B,3.0,1.802189999999996
793,793,2016-07-17,rv,B+,2.940919891336881,0.626666338200658
794,794,2016-07-17,rv,C+,1.0,0.5203199999999981
795,795,2016-07-17,rv,C-,-1.0,-3.775210000000001
796,796,2016-07-18,lv,A-,-2.799999999999997,-2.3274800000000013
797,797,2016-07-18,lv,B-,3.0,0.3532099999999971
798,798,2016-07-18,lv,C+,-2.7527562866539608,-1.8490398504823444
799,799,2016-07-18,rv,B+,4.0,2.0281999999999982
800,800,2016-07-18,rv,C+,1.0,0.5203199999999981
801,801,2016-07-18,rv,C-,-2.0,-2.744109999999999
802,802,2016-07-19,lv,A-,-0.8000000000000043,0.3260199999999997
803,803,2016-07-19,lv,C+,-2.6209537344537215,-1.3867836229051556
804,804,2016-07-19,rv,B+,4.0,2.0281999999999982
805,805,2016-07-19,rv,C+,1.0,0.5203199999999981
806,806,2016-07-19,rv,C-,-2.0,-2.744109999999999
807,807,2016-07-20,lv,A-,1.2999999999999972,3.0350599999999943
808,808,2016-07-20,lv,C+,-4.0,-0.2384699999999995
809,809,2016-07-20,rv,B+,4.0,2.0281999999999982
810,810,2016-07-20,rv,C+,1.0,0.5203199999999981
811,811,2016-07-20,rv,C-,-2.0,-2.744109999999999
812,812,2016-07-21,lv,A-,-0.2000000000000028,1.79533
813,813,2016-07-21,lv,C+,-3.1000000000000014,0.5140200000000021
814,814,2016-07-21,rv,B+,4.0,2.0281999999999982
815,815,2016-07-21,rv,B-,-2.0,0.1034099999999966
816,816,2016-07-21,rv,C-,-2.0,-2.744109999999999
817,817,2016-07-22,lv,A-,-0.7999999999999972,1.2182999999999993
818,818,2016-07-22,lv,B-,-3.0,-0.3090299999999999
819,819,2016-07-22,lv,C+,1.3213722943892499,3.6887652744417463
820,820,2016-07-22,rv,A-,-2.8815863571711637,-0.8930532542721399
821,821,2016-07-22,rv,B+,4.0,2.0281999999999982
822,822,2016-07-22,rv,B-,-2.0,0.1034099999999966
823,823,2016-07-22,rv,C-,-2.0,-2.744109999999999
824,824,2016-07-23,lv,A-,2.1000000000000014,3.678149999999995
825,825,2016-07-23,lv,B-,-3.0,-0.3090299999999999
826,826,2016-07-23,lv,C+,-0.5,2.1592800000000025
827,827,2016-07-23,rv,A-,-2.8815863571711637,-0.8930532542721399
828,828,2016-07-23,rv,B,2.0,3.995419999999996
829,829,2016-07-23,rv,B+,4.0,2.0281999999999982
830,830,2016-07-23,rv,C-,-2.0,-2.744109999999999
831,831,2016-07-24,lv,A-,1.6000000000000014,2.5013900000000007
832,832,2016-07-24,lv,B-,-3.0,-0.3090299999999999
833,833,2016-07-24,lv,C+,-0.2000000000000028,1.838320000000003
834,834,2016-07-24,rv,A-,-2.8815863571711637,-0.8930532542721399
835,835,2016-07-24,rv,B,2.0,3.995419999999996
836,836,2016-07-24,rv,B+,4.0,2.0281999999999982
837,837,2016-07-24,rv,C-,-2.0,-2.744109999999999
838,838,2016-07-25,lv,A-,2.199999999999996,2.308319999999995
839,839,2016-07-25,lv,B-,16.299999999999997,14.471069999999996
840,840,2016-07-25,lv,C+,2.8999999999999986,4.263350000000003
841,841,2016-07-25,rv,B+,4.0,2.0281999999999982
842,842,2016-07-25,rv,C-,5.0,2.6887899999999973
843,843,2016-07-26,lv,A-,6.0,5.237400000000001
844,844,2016-07-26,lv,B-,16.299999999999997,14.471069999999996
845,845,2016-07-26,lv,C+,1.550822534242444,2.371819679839377
846,846,2016-07-26,rv,B+,4.0,2.0281999999999982
847,847,2016-07-26,rv,C-,5.0,2.6887899999999973
848,848,2016-07-27,lv,A-,8.799999999999997,7.1880900000000025
849,849,2016-07-27,lv,B-,16.299999999999997,14.471069999999996
850,850,2016-07-27,lv,C+,2.425251323895455,2.937332478343249
851,851,2016-07-27,rv,B+,4.0,2.0281999999999982
852,852,2016-07-27,rv,C-,5.0,2.6887899999999973
853,853,2016-07-28,lv,A-,7.899999999999999,5.808570000000003
854,854,2016-07-28,lv,B-,4.799999999999997,-0.522590000000001
855,855,2016-07-28,lv,C+,5.800000000000004,5.47334
856,856,2016-07-28,rv,B+,4.0,2.0281999999999982
857,857,2016-07-28,rv,C-,5.0,2.6887899999999973
858,858,2016-07-29,lv,A-,7.100000000000001,4.704689999999999
859,859,2016-07-29,lv,B+,5.0,2.8461699999999936
860,860,2016-07-29,lv,B-,4.906915740175902,1.5070021873331971
861,861,2016-07-29,lv,C+,10.074670887768068,8.711335008829234
862,862,2016-07-29,rv,A-,5.652925950556825,3.6883847813444866
863,863,2016-07-29,rv,B+,4.0,2.0281999999999982
864,864,2016-07-29,rv,C-,5.0,2.6887899999999973
865,865,2016-07-30,lv,A-,4.200000000000003,1.5803000000000011
866,866,2016-07-30,lv,B+,5.0,2.8461699999999936
867,867,2016-07-30,lv,B-,4.906915740175902,1.5070021873331971
868,868,2016-07-30,lv,C+,6.099999999999994,5.32047
869,869,2016-07-30,rv,A-,5.652925950556825,3.6883847813444866
870,870,2016-07-30,rv,B,5.0,2.4064399999999964
871,871,2016-07-30,rv,B+,4.0,2.0281999999999982
872,872,2016-07-30,rv,C-,5.0,2.6887899999999973
873,873,2016-07-31,lv,A-,2.0,-0.7890799999999984
874,874,2016-07-31,lv,B-,4.906915740175902,1.5070021873331971
875,875,2016-07-31,lv,C+,7.299999999999997,6.416179999999997
876,876,2016-07-31,rv,A,9.0,6.482800000000005
877,877,2016-07-31,rv,A-,6.435407188528229,3.780565722391632
878,878,2016-07-31,rv,B,5.0,2.4064399999999964
879,879,2016-07-31,rv,B+,4.0,2.0281999999999982
880,880,2016-07-31,rv,C-,5.0,2.6887899999999973
881,881,2016-08-01,lv,A+,8.0,4.445240000000005
882,882,2016-08-01,lv,A-,3.0,0.119729999999997
883,883,2016-08-01,lv,B-,4.906915740175902,1.5070021873331971
884,884,2016-08-01,lv,C+,4.395917942265426,2.6358690126737905
885,885,2016-08-01,rv,A,11.475683485244616,7.562301978273035
886,886,2016-08-01,rv,A-,6.461377822495171,3.4086045759627868
887,887,2016-08-01,rv,B,5.0,2.4064399999999964
888,888,2016-08-01,rv,B+,6.534169352930011,3.8015261849647572
889,889,2016-08-01,rv,C-,6.0,1.3908599999999964
890,890,2016-08-02,lv,A+,8.0,4.445240000000005
891,891,2016-08-02,lv,A-,5.700000000000003,2.777300000000004
892,892,2016-08-02,lv,B-,4.799999999999997,-0.522590000000001
893,893,2016-08-02,lv,C+,3.750439037982218,1.9903013354008379
894,894,2016-08-02,rv,A,11.475683485244616,7.562301978273035
895,895,2016-08-02,rv,A-,6.461377822495171,3.4086045759627868
896,896,2016-08-02,rv,B+,6.534169352930011,3.8015261849647572
897,897,2016-08-02,rv,C-,6.0,1.3908599999999964
898,898,2016-08-03,lv,A+,8.0,4.445240000000005
899,899,2016-08-03,lv,A-,7.399999999999999,4.468769999999999
900,900,2016-08-03,lv,B,7.0,3.663409999999999
901,901,2016-08-03,lv,B-,4.799999999999997,-0.522590000000001
902,902,2016-08-03,lv,C+,2.200000000000003,1.2529400000000024
903,903,2016-08-03,rv,A,14.0,8.66301
904,904,2016-08-03,rv,A-,6.461377822495171,3.4086045759627868
905,905,2016-08-03,rv,B+,6.534169352930011,3.8015261849647572
906,906,2016-08-03,rv,C-,6.0,1.3908599999999964
907,907,2016-08-04,lv,A+,10.500915751038622,6.9112279616596215
908,908,2016-08-04,lv,A-,6.200000000000003,3.2739899999999977
909,909,2016-08-04,lv,B,7.0,3.663409999999999
910,910,2016-08-04,lv,B-,2.3999999999999986,-3.5235599999999963
911,911,2016-08-04,lv,C+,4.300000000000004,3.358649999999997
912,912,2016-08-04,rv,A-,4.0,2.755029999999998
913,913,2016-08-04,rv,B+,4.627933961809218,1.8818882472286425
914,914,2016-08-04,rv,C-,6.0,1.3908599999999964
915,915,2016-08-05,lv,A+,8.396243752817913,5.375303387233149
916,916,2016-08-05,lv,A-,8.100000000000001,5.18224
917,917,2016-08-05,lv,B,7.0,3.663409999999999
918,918,2016-08-05,lv,B-,2.3999999999999986,-3.5235599999999963
919,919,2016-08-05,lv,C+,4.770000000000003,3.8436400000000006
920,920,2016-08-05,rv,B+,4.627933961809218,1.8818882472286425
921,921,2016-08-05,rv,C-,6.0,1.3908599999999964
922,922,2016-08-06,lv,A+,8.396243752817913,5.375303387233149
923,923,2016-08-06,lv,A-,4.699999999999996,1.799030000000002
924,924,2016-08-06,lv,B,7.0,3.663409999999999
925,925,2016-08-06,lv,B-,2.3999999999999986,-3.5235599999999963
926,926,2016-08-06,lv,C+,4.380000000000003,3.4811499999999995
927,927,2016-08-06,rv,B,6.0,2.9508299999999963
928,928,2016-08-06,rv,B+,4.627933961809218,1.8818882472286425
929,929,2016-08-06,rv,C-,6.0,1.3908599999999964
930,930,2016-08-07,lv,A+,8.396243752817913,5.375303387233149
931,931,2016-08-07,lv,A-,5.200000000000003,2.3278200000000027
932,932,2016-08-07,lv,B,7.0,3.663409999999999
933,933,2016-08-07,lv,B-,2.3999999999999986,-3.5235599999999963
934,934,2016-08-07,lv,C+,3.5,2.625790000000002
935,935,2016-08-07,rv,B,6.0,2.9508299999999963
936,936,2016-08-07,rv,B+,4.627933961809218,1.8818882472286425
937,937,2016-08-07,rv,C-,6.0,1.3908599999999964
938,938,2016-08-08,lv,A+,4.0,1.555500000000002
939,939,2016-08-08,lv,A-,6.0,3.1533700000000024
940,940,2016-08-08,lv,B,7.0,3.663409999999999
941,941,2016-08-08,lv,B-,2.3999999999999986,-3.5235599999999963
942,942,2016-08-08,lv,C+,5.800000000000004,4.961950000000002
943,943,2016-08-08,rv,B,6.0,2.9508299999999963
944,944,2016-08-08,rv,B+,4.0,2.0281999999999982
945,945,2016-08-08,rv,C-,6.0,1.4873899999999978
946,946,2016-08-09,lv,A-,6.700000000000003,3.890190000000004
947,947,2016-08-09,lv,B,7.0,3.663409999999999
948,948,2016-08-09,lv,B-,4.294325698979692,1.3936650765988314
949,949,2016-08-09,lv,C+,4.754964251674574,3.0442042015480886
950,950,2016-08-09,rv,B,6.0,2.9508299999999963
951,951,2016-08-09,rv,B+,4.0,0.2690799999999953
952,952,2016-08-09,rv,C+,8.0,3.652610000000003
953,953,2016-08-09,rv,C-,6.0,1.4873899999999978
954,954,2016-08-10,lv,A-,6.799999999999997,4.027329999999999
955,955,2016-08-10,lv,B,4.959999999999997,1.8355099999999995
956,956,2016-08-10,lv,B-,2.3999999999999986,-3.5235599999999963
957,957,2016-08-10,lv,C+,4.809689262604428,3.1359872979929797
958,958,2016-08-10,rv,B+,4.0,0.2690799999999953
959,959,2016-08-10,rv,C+,8.0,3.652610000000003
960,960,2016-08-10,rv,C-,6.0,1.4873899999999978
961,961,2016-08-11,lv,A-,6.0,3.268389999999997
962,962,2016-08-11,lv,B,4.959999999999997,1.8355099999999995
963,963,2016-08-11,lv,B-,2.3999999999999986,-3.5235599999999963
964,964,2016-08-11,lv,C+,4.219999999999999,3.571620000000003
965,965,2016-08-11,rv,B+,4.0,0.2690799999999953
966,966,2016-08-11,rv,C+,8.0,3.652610000000003
967,967,2016-08-11,rv,C-,6.0,1.4873899999999978
968,968,2016-08-12,lv,A-,4.799999999999997,2.1464599999999976
969,969,2016-08-12,lv,B,4.959999999999997,1.8355099999999995
970,970,2016-08-12,lv,B-,25.200000000000003,20.27394
971,971,2016-08-12,lv,C+,3.239999999999995,2.718269999999997
972,972,2016-08-12,lv,C-,2.0,-2.7951400000000035
973,973,2016-08-12,rv,B+,4.0,0.2690799999999953
974,974,2016-08-12,rv,C+,8.0,3.652610000000003
975,975,2016-08-12,rv,C-,6.0,1.4873899999999978
976,976,2016-08-13,lv,A-,4.100000000000001,1.5730800000000045
977,977,2016-08-13,lv,B,4.959999999999997,1.8355099999999995
978,978,2016-08-13,lv,B-,25.200000000000003,20.27394
979,979,2016-08-13,lv,C+,3.6000000000000014,3.224500000000006
980,980,2016-08-13,lv,C-,2.0,-2.7951400000000035
981,981,2016-08-13,rv,B+,4.0,0.2690799999999953
982,982,2016-08-13,rv,C+,8.0,3.652610000000003
983,983,2016-08-13,rv,C-,6.0,1.4873899999999978
984,984,2016-08-14,lv,A-,7.0,4.627600000000001
985,985,2016-08-14,lv,B,4.959999999999997,1.8355099999999995
986,986,2016-08-14,lv,B-,25.200000000000003,20.27394
987,987,2016-08-14,lv,C+,0.7199999999999989,0.51661
988,988,2016-08-14,rv,B,6.0,3.297640000000001
989,989,2016-08-14,rv,B+,4.0,0.2690799999999953
990,990,2016-08-14,rv,C+,8.0,3.652610000000003
991,991,2016-08-14,rv,C-,6.0,1.4873899999999978
992,992,2016-08-15,lv,A-,5.299999999999997,3.116189999999996
993,993,2016-08-15,lv,B,4.959999999999997,1.8355099999999995
994,994,2016-08-15,lv,B-,25.200000000000003,20.27394
995,995,2016-08-15,lv,C+,1.3337649891485337,0.2668874369619335
996,996,2016-08-15,rv,B,6.0,3.297640000000001
997,997,2016-08-15,rv,B+,4.0,0.2690799999999953
998,998,2016-08-15,rv,B-,4.0,1.7506100000000018
999,999,2016-08-15,rv,C+,8.0,3.652610000000003
1000,1000,2016-08-15,rv,C-,5.0,1.320129999999999
1001,1001,2016-08-16,lv,A-,7.699999999999996,5.727200000000003
1002,1002,2016-08-16,lv,B,4.959999999999997,1.8355099999999995
1003,1003,2016-08-16,lv,B-,25.200000000000003,20.27394
1004,1004,2016-08-16,lv,C+,1.4076301415134347,0.4299353675149807
1005,1005,2016-08-16,rv,B,6.0,3.297640000000001
1006,1006,2016-08-16,rv,B+,7.0,4.926079999999999
1007,1007,2016-08-16,rv,C-,5.0,1.320129999999999
1008,1008,2016-08-17,lv,A-,7.899999999999999,6.125059999999998
1009,1009,2016-08-17,lv,B,2.0700000000000003,0.022839999999995
1010,1010,2016-08-17,lv,B-,25.200000000000003,20.27394
1011,1011,2016-08-17,lv,C+,-0.6999999999999957,-0.3576300000000003
1012,1012,2016-08-17,rv,B+,7.0,4.926079999999999
1013,1013,2016-08-17,rv,C+,5.0,3.271409999999996
1014,1014,2016-08-17,rv,C-,5.0,1.320129999999999
1015,1015,2016-08-18,lv,A-,7.555788804949267,6.733041295408931
1016,1016,2016-08-18,lv,B,7.0,4.730409999999999
1017,1017,2016-08-18,lv,B-,25.200000000000003,20.27394
1018,1018,2016-08-18,lv,C+,-0.7900000000000063,-0.307780000000001
1019,1019,2016-08-18,rv,B+,7.0,4.926079999999999
1020,1020,2016-08-18,rv,C+,5.0,3.271409999999996
1021,1021,2016-08-18,rv,C-,5.0,1.320129999999999
1022,1022,2016-08-19,lv,A-,6.488336245714889,5.7318146373736285
1023,1023,2016-08-19,lv,B,7.0,4.730409999999999
1024,1024,2016-08-19,lv,B-,25.200000000000003,20.27394
1025,1025,2016-08-19,lv,C+,0.6200000000000045,1.216470000000001
1026,1026,2016-08-19,rv,B,4.0,2.4080200000000005
1027,1027,2016-08-19,rv,B+,7.0,4.926079999999999
1028,1028,2016-08-19,rv,C+,5.0,3.271409999999996
1029,1029,2016-08-19,rv,C-,5.0,1.320129999999999
1030,1030,2016-08-20,lv,A-,4.991891763759636,4.286394236341822
1031,1031,2016-08-20,lv,B-,25.200000000000003,20.27394
1032,1032,2016-08-20,lv,C+,-0.1400000000000005,0.5553999999999988
1033,1033,2016-08-20,rv,B,4.0,2.4080200000000005
1034,1034,2016-08-20,rv,B+,7.0,4.926079999999999
1035,1035,2016-08-20,rv,C+,5.0,3.271409999999996
1036,1036,2016-08-20,rv,C-,5.0,1.320129999999999
1037,1037,2016-08-21,lv,A-,5.083520280771975,4.419907438944225
1038,1038,2016-08-21,lv,B-,25.200000000000003,20.27394
1039,1039,2016-08-21,lv,C+,3.009999999999998,3.779519999999998
1040,1040,2016-08-21,rv,B,4.0,2.4080200000000005
1041,1041,2016-08-21,rv,B+,7.0,4.926079999999999
1042,1042,2016-08-21,rv,C-,5.0,1.320129999999999
1043,1043,2016-08-22,lv,A-,4.230991280273795,3.5753429911106136
1044,1044,2016-08-22,lv,B-,8.786483539742669,7.115094987360151
1045,1045,2016-08-22,lv,C+,3.0899999999999963,3.912860000000002
1046,1046,2016-08-22,rv,B,4.0,2.4080200000000005
1047,1047,2016-08-22,rv,B+,7.0,4.926079999999999
1048,1048,2016-08-22,rv,C-,4.0,1.1482899999999958
1049,1049,2016-08-23,lv,A-,3.3968876054455275,2.7597450605020555
1050,1050,2016-08-23,lv,B-,8.786483539742669,7.115094987360151
1051,1051,2016-08-23,lv,C+,3.3292838524232957,3.309997934769292
1052,1052,2016-08-23,rv,B,4.0,2.4080200000000005
1053,1053,2016-08-23,rv,B+,7.0,4.926079999999999
1054,1054,2016-08-23,rv,C-,4.0,1.1482899999999958
1055,1055,2016-08-24,lv,A-,3.8796568971958485,3.261636478773591
1056,1056,2016-08-24,lv,B,3.270000000000003,1.7798999999999978
1057,1057,2016-08-24,lv,B+,7.0,5.712260000000001
1058,1058,2016-08-24,lv,B-,25.200000000000003,20.27394
1059,1059,2016-08-24,lv,C+,3.393051942966855,3.3902946711725033
1060,1060,2016-08-24,rv,B+,7.0,4.926079999999999
1061,1061,2016-08-24,rv,C-,4.0,1.1482899999999958
1062,1062,2016-08-25,lv,A+,7.0,5.232590000000002
1063,1063,2016-08-25,lv,A-,1.5,0.4289100000000019
1064,1064,2016-08-25,lv,B,3.270000000000003,1.7798999999999978
1065,1065,2016-08-25,lv,B+,7.0,5.712260000000001
1066,1066,2016-08-25,lv,B-,25.200000000000003,20.27394
1067,1067,2016-08-25,lv,C+,2.3100000000000023,3.23706
1068,1068,2016-08-25,rv,B+,7.0,4.926079999999999
1069,1069,2016-08-25,rv,C-,4.0,1.1482899999999958
1070,1070,2016-08-26,lv,A+,7.0,5.232590000000002
1071,1071,2016-08-26,lv,A-,-0.5568956877639719,-0.6624234969246087
1072,1072,2016-08-26,lv,B,3.270000000000003,1.7798999999999978
1073,1073,2016-08-26,lv,B+,6.031663824864115,4.802067570500151
1074,1074,2016-08-26,lv,C+,3.519999999999996,4.490479999999998
1075,1075,2016-08-26,rv,B+,7.0,4.926079999999999
1076,1076,2016-08-26,rv,C-,4.0,1.1482899999999958
1077,1077,2016-08-27,lv,A+,7.0,5.232590000000002
1078,1078,2016-08-27,lv,A-,-0.162296472342805,-0.21066280258635478
1079,1079,2016-08-27,lv,B,3.270000000000003,1.7798999999999978
1080,1080,2016-08-27,lv,B+,6.031663824864115,4.802067570500151
1081,1081,2016-08-27,lv,C+,4.119999999999997,5.130269999999996
1082,1082,2016-08-27,rv,B,5.0,3.815419999999996
1083,1083,2016-08-27,rv,B+,7.0,4.926079999999999
1084,1084,2016-08-27,rv,C-,4.0,1.1482899999999958
1085,1085,2016-08-28,lv,A+,7.0,5.232590000000002
1086,1086,2016-08-28,lv,A-,0.8077055611695878,0.785985286003197
1087,1087,2016-08-28,lv,B,2.877548417143819,1.750209647180453
1088,1088,2016-08-28,lv,B+,6.031663824864115,4.802067570500151
1089,1089,2016-08-28,lv,C+,3.8499999999999934,4.8901599999999945
1090,1090,2016-08-28,rv,A,2.0,1.13861
1091,1091,2016-08-28,rv,B,5.0,3.815419999999996
1092,1092,2016-08-28,rv,B+,7.0,4.926079999999999
1093,1093,2016-08-28,rv,C-,4.0,1.1482899999999958
1094,1094,2016-08-29,lv,A-,0.5875678391773318,0.59059904469325
1095,1095,2016-08-29,lv,B,2.877548417143819,1.750209647180453
1096,1096,2016-08-29,lv,B+,7.0,5.712260000000001
1097,1097,2016-08-29,lv,C+,0.6060113836733119,0.8129649881293474
1098,1098,2016-08-29,rv,A,2.0,1.13861
1099,1099,2016-08-29,rv,B,5.0,3.815419999999996
1100,1100,2016-08-29,rv,B+,7.0,4.926079999999999
1101,1101,2016-08-29,rv,C-,4.0,1.3905299999999985
1102,1102,2016-08-30,lv,A-,2.0657287693093584,2.0909327396087347
1103,1103,2016-08-30,lv,B,2.877548417143819,1.750209647180453
1104,1104,2016-08-30,lv,C+,0.5797560628483375,0.7990705315164568
1105,1105,2016-08-30,rv,A,2.0,1.13861
1106,1106,2016-08-30,rv,B+,7.0,4.926079999999999
1107,1107,2016-08-30,rv,C-,4.0,1.3905299999999985
1108,1108,2016-08-31,lv,A-,1.5353925203876408,1.5766669684084664
1109,1109,2016-08-31,lv,B,1.4610332556124581,0.4914044468529586
1110,1110,2016-08-31,lv,B+,2.3000000000000043,2.4810700000000026
1111,1111,2016-08-31,lv,C+,-0.3499999999999943,0.7776700000000005
1112,1112,2016-08-31,rv,B+,7.0,4.926079999999999
1113,1113,2016-08-31,rv,C-,4.0,1.3905299999999985
1114,1114,2016-09-01,lv,A-,0.07150108324336185,0.28781007763208255
1115,1115,2016-09-01,lv,B,2.2451955263348156,1.449040379623884
1116,1116,2016-09-01,lv,B+,2.3000000000000043,2.4810700000000026
1117,1117,2016-09-01,lv,C+,-1.0799999999999983,0.0734300000000018
1118,1118,2016-09-01,rv,B+,7.0,4.926079999999999
1119,1119,2016-09-01,rv,C-,4.0,1.3905299999999985
1120,1120,2016-09-02,lv,A-,3.0228906407991873,2.840348104181009
1121,1121,2016-09-02,lv,B,2.5,1.205059999999996
1122,1122,2016-09-02,lv,B+,2.3000000000000043,2.4810700000000026
1123,1123,2016-09-02,lv,C+,-2.1699999999999946,-0.9909700000000043
1124,1124,2016-09-02,rv,B+,7.0,4.926079999999999
1125,1125,2016-09-02,rv,C-,4.0,1.3905299999999985
1126,1126,2016-09-03,lv,A-,1.9025999170931835,1.7312675971305551
1127,1127,2016-09-03,lv,B+,2.3000000000000043,2.4810700000000026
1128,1128,2016-09-03,lv,C+,-2.719999999999999,-1.516459999999995
1129,1129,2016-09-03,rv,B+,7.0,4.926079999999999
1130,1130,2016-09-03,rv,C-,4.0,1.3905299999999985
1131,1131,2016-09-04,lv,A-,0.2788783842280918,0.12008889498879542
1132,1132,2016-09-04,lv,B+,2.3000000000000043,2.4810700000000026
1133,1133,2016-09-04,lv,C+,-3.75,-2.525750000000002
1134,1134,2016-09-04,rv,B,2.0,1.06738
1135,1135,2016-09-04,rv,B+,7.0,4.926079999999999
1136,1136,2016-09-04,rv,C-,4.0,1.3905299999999985
1137,1137,2016-09-05,lv,A+,5.0,3.5630900000000025
1138,1138,2016-09-05,lv,A-,-4.400000000000006,-5.146280000000004
1139,1139,2016-09-05,lv,C+,-2.949999999999996,-1.6962599999999952
1140,1140,2016-09-05,rv,B,2.0,1.06738
1141,1141,2016-09-05,rv,B+,7.0,4.926079999999999
1142,1142,2016-09-05,rv,C-,2.0,-0.420810000000003
1143,1143,2016-09-06,lv,A+,5.0,3.5630900000000025
1144,1144,2016-09-06,lv,A-,-2.1000000000000014,-2.8167800000000014
1145,1145,2016-09-06,lv,C+,0.22291625005977417,0.6481279522538618
1146,1146,2016-09-06,rv,B,2.0,1.06738
1147,1147,2016-09-06,rv,B+,7.0,4.926079999999999
1148,1148,2016-09-06,rv,C-,2.0,-0.420810000000003
1149,1149,2016-09-07,lv,A+,5.0,3.5630900000000025
1150,1150,2016-09-07,lv,A-,0.6999999999999957,0.0184400000000053
1151,1151,2016-09-07,lv,B,0.5799999999999983,-0.4867400000000046
1152,1152,2016-09-07,lv,B-,3.0,3.38344
1153,1153,2016-09-07,lv,C+,1.4264608958319207,1.8718977480997891
1154,1154,2016-09-07,rv,B+,7.0,4.926079999999999
1155,1155,2016-09-07,rv,C-,2.0,-0.420810000000003
1156,1156,2016-09-08,lv,A+,5.0,3.5630900000000025
1157,1157,2016-09-08,lv,A-,1.2202771321938761,1.2257520578378602
1158,1158,2016-09-08,lv,B,0.5799999999999983,-0.4867400000000046
1159,1159,2016-09-08,lv,B-,3.0,3.38344
1160,1160,2016-09-08,lv,C+,-0.970000000000006,0.3774799999999985
1161,1161,2016-09-08,rv,B+,7.0,4.926079999999999
1162,1162,2016-09-08,rv,C-,2.0,-0.420810000000003
1163,1163,2016-09-09,lv,A-,2.221870797159162,2.026524561341028
1164,1164,2016-09-09,lv,B,0.5799999999999983,-0.4867400000000046
1165,1165,2016-09-09,lv,C+,-0.6099999999999994,0.7527800000000013
1166,1166,2016-09-09,rv,B+,7.0,4.926079999999999
1167,1167,2016-09-09,rv,C-,2.0,-0.420810000000003
1168,1168,2016-09-10,lv,A-,2.5450093284216138,2.354870207392596
1169,1169,2016-09-10,lv,B,0.5799999999999983,-0.4867400000000046
1170,1170,2016-09-10,lv,C+,2.4814899845654708,1.098766636581912
1171,1171,2016-09-10,rv,B,2.0,1.2511399999999997
1172,1172,2016-09-10,rv,B+,7.0,4.926079999999999
1173,1173,2016-09-10,rv,C-,2.0,-0.420810000000003
1174,1174,2016-09-11,lv,A,1.0,1.2914600000000007
1175,1175,2016-09-11,lv,A-,1.6855742937775953,1.496385681558113
1176,1176,2016-09-11,lv,B,-0.1571428571428584,-0.5543828571428621
1177,1177,2016-09-11,lv,C+,2.385300692623222,1.005164733754517
1178,1178,2016-09-11,rv,B,2.0,1.2511399999999997
1179,1179,2016-09-11,rv,B+,7.0,4.926079999999999
1180,1180,2016-09-11,rv,C-,2.0,-0.420810000000003
1181,1181,2016-09-12,lv,A,1.0,1.2914600000000007
1182,1182,2016-09-12,lv,A-,2.3529556080828,2.1740344402947356
1183,1183,2016-09-12,lv,B,-0.1571428571428584,-0.5543828571428621
1184,1184,2016-09-12,lv,B-,9.9,6.351260000000004
1185,1185,2016-09-12,lv,C+,1.4542666417818768,0.3909251601558707
1186,1186,2016-09-12,lv,C-,5.0,3.4980699999999985
1187,1187,2016-09-12,rv,B,2.0,1.2511399999999997
1188,1188,2016-09-12,rv,B+,7.0,4.926079999999999
1189,1189,2016-09-13,lv,A,1.0,1.2914600000000007
1190,1190,2016-09-13,lv,A-,1.36262234923136,1.1921058918347835
1191,1191,2016-09-13,lv,B,-0.1571428571428584,-0.5543828571428621
1192,1192,2016-09-13,lv,B-,9.9,6.351260000000004
1193,1193,2016-09-13,lv,C+,1.7253276746974375,0.6464441636831897
1194,1194,2016-09-13,lv,C-,5.0,3.4980699999999985
1195,1195,2016-09-13,rv,B,2.0,1.2511399999999997
1196,1196,2016-09-14,lv,A,1.0,1.2914600000000007
1197,1197,2016-09-14,lv,A-,-1.0,-1.555990000000001
1198,1198,2016-09-14,lv,B,0.9799999999999968,0.0064999999999955
1199,1199,2016-09-14,lv,B-,9.9,6.351260000000004
1200,1200,2016-09-14,lv,C+,3.044316816687457,1.580976198789357
1201,1201,2016-09-14,lv,C-,5.0,3.4980699999999985
1202,1202,2016-09-15,lv,A,6.0,3.69108
1203,1203,2016-09-15,lv,A-,-1.8000000000000045,-2.3544899999999984
1204,1204,2016-09-15,lv,B,-2.0,-2.9750000000000014
1205,1205,2016-09-15,lv,B+,6.0,3.763360000000006
1206,1206,2016-09-15,lv,B-,9.9,6.351260000000004
1207,1207,2016-09-15,lv,C+,4.346252334007698,2.88696080370384
1208,1208,2016-09-15,lv,C-,5.0,3.4980699999999985
1209,1209,2016-09-16,lv,A,6.0,3.69108
1210,1210,2016-09-16,lv,A-,3.267885884218542,2.0607208719501338
1211,1211,2016-09-16,lv,B,-2.0,-2.9750000000000014
1212,1212,2016-09-16,lv,B+,6.0,3.763360000000006
1213,1213,2016-09-16,lv,B-,9.9,6.351260000000004
1214,1214,2016-09-16,lv,C+,4.065444479455822,2.6335223340365417
1215,1215,2016-09-16,lv,C-,5.0,3.4980699999999985
1216,1216,2016-09-17,lv,A,6.0,3.69108
1217,1217,2016-09-17,lv,A-,3.168188805131572,1.9703858422312972
1218,1218,2016-09-17,lv,B+,6.0,3.763360000000006
1219,1219,2016-09-17,lv,B-,9.9,6.351260000000004
1220,1220,2016-09-17,lv,C+,1.6899999999999975,3.1417999999999964
1221,1221,2016-09-17,lv,C-,5.0,3.4980699999999985
1222,1222,2016-09-17,rv,C+,3.0,2.600190000000005
1223,1223,2016-09-18,lv,A,6.0,3.69108
1224,1224,2016-09-18,lv,A-,5.530358692271401,4.331288980949288
1225,1225,2016-09-18,lv,B+,4.061125745905534,3.169540982198491
1226,1226,2016-09-18,lv,B-,9.9,6.351260000000004
1227,1227,2016-09-18,lv,C+,2.3500000000000014,3.784950000000002
1228,1228,2016-09-18,lv,C-,5.0,3.4980699999999985
1229,1229,2016-09-18,rv,B,2.0,1.3355499999999978
1230,1230,2016-09-18,rv,C+,3.0,2.600190000000005
1231,1231,2016-09-19,lv,A,6.0,3.69108
1232,1232,2016-09-19,lv,A+,2.0,0.7737800000000021
1233,1233,2016-09-19,lv,A-,4.741150388258226,3.537079736023273
1234,1234,2016-09-19,lv,B+,4.061125745905534,3.169540982198491
1235,1235,2016-09-19,lv,B-,9.9,6.351260000000004
1236,1236,2016-09-19,lv,C+,0.6700000000000017,2.06194
1237,1237,2016-09-19,lv,C-,5.0,3.4765200000000007
1238,1238,2016-09-19,rv,B,2.0,1.3355499999999978
1239,1239,2016-09-19,rv,C+,3.0,2.600190000000005
1240,1240,2016-09-20,lv,A,6.0,3.69108
1241,1241,2016-09-20,lv,A+,2.0,0.7737800000000021
1242,1242,2016-09-20,lv,A-,5.5,4.921410000000002
1243,1243,2016-09-20,lv,B+,2.0,2.5382800000000003
1244,1244,2016-09-20,lv,B-,7.300845224942316,5.571619295812529
1245,1245,2016-09-20,lv,C+,-2.5090019485450847,-1.9793237698794308
1246,1246,2016-09-20,lv,C-,5.0,3.4765200000000007
1247,1247,2016-09-20,rv,C+,3.0,2.600190000000005
1248,1248,2016-09-21,lv,A+,-0.21479028093453748,-0.8593454464284025
1249,1249,2016-09-21,lv,A-,5.5,4.845929999999996
1250,1250,2016-09-21,lv,B,1.9699999999999989,0.7890700000000024
1251,1251,2016-09-21,lv,B+,2.0,2.5382800000000003
1252,1252,2016-09-21,lv,B-,9.9,6.351260000000004
1253,1253,2016-09-21,lv,C+,-2.276638010145753,-1.7927586900523924
1254,1254,2016-09-21,lv,C-,5.0,3.4765200000000007
1255,1255,2016-09-22,lv,A+,1.1372422055570746,0.23167089057784987
1256,1256,2016-09-22,lv,A-,3.0639504187261544,2.9813145289005822
1257,1257,2016-09-22,lv,B,1.9699999999999989,0.7890700000000024
1258,1258,2016-09-22,lv,B+,2.0,2.5382800000000003
1259,1259,2016-09-22,lv,B-,9.9,6.351260000000004
1260,1260,2016-09-22,lv,C+,-1.8299999999999983,-0.7355699999999956
1261,1261,2016-09-22,lv,C-,5.0,3.4765200000000007
1262,1262,2016-09-22,rv,B,3.0,2.204810000000002
1263,1263,2016-09-23,lv,A+,0.7619419062109529,-0.004146985951172114
1264,1264,2016-09-23,lv,A-,2.1309103053134884,1.8848277704402119
1265,1265,2016-09-23,lv,B,1.9699999999999989,0.7890700000000024
1266,1266,2016-09-23,lv,B-,9.9,6.351260000000004
1267,1267,2016-09-23,lv,C+,-1.9699999999999989,-1.01614
1268,1268,2016-09-23,lv,C-,5.0,3.4765200000000007
1269,1269,2016-09-23,rv,B,3.0,2.204810000000002
1270,1270,2016-09-24,lv,A+,0.7619419062109529,-0.004146985951172114
1271,1271,2016-09-24,lv,A-,2.150484227456198,1.8093506746253076
1272,1272,2016-09-24,lv,B,1.9699999999999989,0.7890700000000024
1273,1273,2016-09-24,lv,B-,9.9,6.351260000000004
1274,1274,2016-09-24,lv,C+,-1.1300000000000026,-0.3080700000000007
1275,1275,2016-09-24,lv,C-,5.0,3.4765200000000007
1276,1276,2016-09-25,lv,A+,4.0,2.5417599999999965
1277,1277,2016-09-25,lv,A-,2.2711210794405123,1.8497150532850661
1278,1278,2016-09-25,lv,B,1.9699999999999989,0.7890700000000024
1279,1279,2016-09-25,lv,B-,9.9,6.351260000000004
1280,1280,2016-09-25,lv,C+,-1.490000000000002,-0.7825400000000045
1281,1281,2016-09-25,lv,C-,5.0,3.4765200000000007
1282,1282,2016-09-26,lv,A-,2.3999999999999986,1.1369299999999996
1283,1283,2016-09-26,lv,B,1.9699999999999989,0.7890700000000024
1284,1284,2016-09-26,lv,C+,-0.6775429699687099,-0.8877991985336459
1285,1285,2016-09-26,lv,C-,6.0,3.6582599999999994
1286,1286,2016-09-27,lv,A,3.0,2.6347299999999976
1287,1287,2016-09-27,lv,A-,3.3999999999999986,2.003140000000002
1288,1288,2016-09-27,lv,B,5.039999999999999,3.088699999999996
1289,1289,2016-09-27,lv,B+,4.0,2.6403800000000004
1290,1290,2016-09-27,lv,C+,-0.04094098155037435,-0.3771886408742586
1291,1291,2016-09-27,lv,C-,6.0,3.6582599999999994
1292,1292,2016-09-27,rv,B+,7.0,3.91959
1293,1293,2016-09-27,rv,B-,4.0,3.1924899999999994
1294,1294,2016-09-28,lv,A,5.363827082569624,4.380967860130265
1295,1295,2016-09-28,lv,A-,5.01891499486942,3.9651537978782323
1296,1296,2016-09-28,lv,B,5.039999999999999,3.088699999999996
1297,1297,2016-09-28,lv,B+,4.0,2.6403800000000004
1298,1298,2016-09-28,lv,C+,1.0222299129981862,0.6241152897715151
1299,1299,2016-09-28,lv,C-,6.0,3.6582599999999994
1300,1300,2016-09-28,rv,B+,7.0,3.91959
1301,1301,2016-09-29,lv,A,5.363827082569624,4.380967860130265
1302,1302,2016-09-29,lv,A-,5.033607350035626,3.942679921043436
1303,1303,2016-09-29,lv,B,4.300000000000001,2.348700000000001
1304,1304,2016-09-29,lv,C+,0.4742855602565975,-0.2141786294161169
1305,1305,2016-09-29,lv,C-,6.0,3.6582599999999994
1306,1306,2016-09-29,rv,B+,7.0,3.91959
1307,1307,2016-09-30,lv,A,9.0,7.067129999999999
1308,1308,2016-09-30,lv,A-,5.1413807594214145,3.998507299274566
1309,1309,2016-09-30,lv,B,4.300000000000001,2.348700000000001
1310,1310,2016-09-30,lv,C+,1.0190890230020662,0.26595354693777984
1311,1311,2016-09-30,lv,C-,6.0,3.6582599999999994
1312,1312,2016-09-30,rv,B+,7.0,3.91959
1313,1313,2016-10-01,lv,A,9.0,7.067129999999999
1314,1314,2016-10-01,lv,A-,5.467870546070674,4.29138975985524
1315,1315,2016-10-01,lv,C+,1.0144230529585052,0.2090654275758006
1316,1316,2016-10-01,lv,C-,6.0,3.6582599999999994
1317,1317,2016-10-01,rv,B,3.0,1.042189999999998
1318,1318,2016-10-01,rv,B+,7.0,3.91959
1319,1319,2016-10-02,lv,A,9.0,7.067129999999999
1320,1320,2016-10-02,lv,A-,4.326528908254593,3.110266074182714
1321,1321,2016-10-02,lv,C+,0.6182246175836738,-0.3810273215242202
1322,1322,2016-10-02,lv,C-,6.0,3.6582599999999994
1323,1323,2016-10-02,rv,B,3.0,1.042189999999998
1324,1324,2016-10-02,rv,B+,7.0,3.91959
1325,1325,2016-10-03,lv,A,2.0,0.7130599999999987
1326,1326,2016-10-03,lv,A-,5.900000000000006,3.7152699999999967
1327,1327,2016-10-03,lv,C+,1.6658523432036896,0.5602208989309158
1328,1328,2016-10-03,lv,C-,5.0,1.7705600000000032
1329,1329,2016-10-03,rv,B,3.0,1.042189999999998
1330,1330,2016-10-03,rv,B+,7.0,3.91959
1331,1331,2016-10-03,rv,B-,0.0,-1.608779999999996
1332,1332,2016-10-04,lv,A,2.0,0.7130599999999987
1333,1333,2016-10-04,lv,A-,4.199999999999996,1.915460000000003
1334,1334,2016-10-04,lv,B,4.475000000000001,2.3040599999999998
1335,1335,2016-10-04,lv,C+,3.5103568025279155,2.3023364724458464
1336,1336,2016-10-04,lv,C-,5.0,1.7705600000000032
1337,1337,2016-10-04,rv,B+,7.0,3.91959
1338,1338,2016-10-05,lv,A,2.0,0.7130599999999987
1339,1339,2016-10-05,lv,A-,4.441603966429306,2.7670887787696588
1340,1340,2016-10-05,lv,B,4.475000000000001,2.3040599999999998
1341,1341,2016-10-05,lv,C+,6.711846203600882,5.363730380582767
1342,1342,2016-10-05,lv,C-,5.0,1.7705600000000032
1343,1343,2016-10-05,rv,B+,7.0,3.91959
1344,1344,2016-10-06,lv,A,2.0,0.7130599999999987
1345,1345,2016-10-06,lv,A-,6.316109011325099,4.461793781611374
1346,1346,2016-10-06,lv,B,4.475000000000001,2.3040599999999998
1347,1347,2016-10-06,lv,C+,5.358835250887487,3.938857097593494
1348,1348,2016-10-06,lv,C-,5.0,1.7705600000000032
1349,1349,2016-10-06,rv,B+,7.0,3.91959
1350,1350,2016-10-07,lv,A-,7.899999999999999,5.3676400000000015
1351,1351,2016-10-07,lv,B,4.475000000000001,2.3040599999999998
1352,1352,2016-10-07,lv,C+,5.034894365234949,3.5883133471147977
1353,1353,2016-10-07,lv,C-,5.0,1.7705600000000032
1354,1354,2016-10-07,rv,B,6.0,3.396499999999996
1355,1355,2016-10-07,rv,B+,7.0,3.91959
1356,1356,2016-10-08,lv,A-,7.225274480293756,4.132426876077187
1357,1357,2016-10-08,lv,B,5.119172591651239,2.969800038251714
1358,1358,2016-10-08,lv,C+,5.242839044924405,3.7480817381224876
1359,1359,2016-10-08,lv,C-,5.0,1.7705600000000032
1360,1360,2016-10-08,rv,B,6.0,3.396499999999996
1361,1361,2016-10-08,rv,B+,7.0,3.91959
1362,1362,2016-10-09,lv,A-,7.09621051774038,3.9486697247737923
1363,1363,2016-10-09,lv,B,5.119172591651239,2.969800038251714
1364,1364,2016-10-09,lv,B+,5.0,3.360030000000002
1365,1365,2016-10-09,lv,C+,5.269413092008003,3.664381284928974
1366,1366,2016-10-09,lv,C-,5.0,1.7705600000000032
1367,1367,2016-10-09,rv,B+,7.0,3.91959
1368,1368,2016-10-10,lv,A,7.0,5.20082
1369,1369,2016-10-10,lv,A+,4.0,0.5571100000000015
1370,1370,2016-10-10,lv,A-,6.776115273646476,3.4943737211725154
1371,1371,2016-10-10,lv,B,5.086482351556499,2.784303357114137
1372,1372,2016-10-10,lv,B+,5.0,3.360030000000002
1373,1373,2016-10-10,lv,C+,1.2412942190523244,-0.4236871458040004
1374,1374,2016-10-10,lv,C-,6.0,2.291260000000001
1375,1375,2016-10-10,rv,B+,7.0,3.91959
1376,1376,2016-10-11,lv,A,8.469340203998764,6.140747132896649
1377,1377,2016-10-11,lv,A+,4.0,0.5571100000000015
1378,1378,2016-10-11,lv,A-,6.331129620864579,2.9250419030613664
1379,1379,2016-10-11,lv,B,5.086482351556499,2.784303357114137
1380,1380,2016-10-11,lv,B+,5.0,3.360030000000002
1381,1381,2016-10-11,lv,C+,1.333997104811677,-0.35084084374079316
1382,1382,2016-10-11,lv,C-,6.0,2.291260000000001
1383,1383,2016-10-12,lv,A,8.469340203998764,6.140747132896649
1384,1384,2016-10-12,lv,A+,4.0,0.5571100000000015
1385,1385,2016-10-12,lv,A-,8.385348262329298,5.175553537980843
1386,1386,2016-10-12,lv,B,5.086482351556499,2.784303357114137
1387,1387,2016-10-12,lv,B+,5.0,3.360030000000002
1388,1388,2016-10-12,lv,C+,2.6661989274561164,1.0026255501184356
1389,1389,2016-10-12,lv,C-,6.0,2.291260000000001
1390,1390,2016-10-12,rv,B+,11.0,6.775480000000002
1391,1391,2016-10-13,lv,A,10.0,7.119900000000001
1392,1392,2016-10-13,lv,A+,4.0,0.5571100000000015
1393,1393,2016-10-13,lv,A-,5.934022504090656,3.335868569400743
1394,1394,2016-10-13,lv,B,4.601996265622817,2.565123155305817
1395,1395,2016-10-13,lv,B+,5.0,3.360030000000002
1396,1396,2016-10-13,lv,C+,2.8046931222979223,1.1722771664618516
1397,1397,2016-10-13,lv,C-,6.0,2.291260000000001
1398,1398,2016-10-13,rv,B+,11.0,6.775480000000002
1399,1399,2016-10-14,lv,A,10.0,7.119900000000001
1400,1400,2016-10-14,lv,A+,10.380178863127355,7.6169037083370466
1401,1401,2016-10-14,lv,A-,3.0434590353582935,0.9947326744121144
1402,1402,2016-10-14,lv,B,3.539229089493484,1.5073748399450944
1403,1403,2016-10-14,lv,C+,3.1829584613394446,1.5817249535650006
1404,1404,2016-10-14,lv,C-,6.0,2.291260000000001
1405,1405,2016-10-14,rv,B+,11.0,6.775480000000002
1406,1406,2016-10-15,lv,A,6.0,4.208310000000004
1407,1407,2016-10-15,lv,A+,10.380178863127355,7.6169037083370466
1408,1408,2016-10-15,lv,A-,4.631762325013975,2.6438863557054835
1409,1409,2016-10-15,lv,B,4.454999999999998,2.1675499999999985
1410,1410,2016-10-15,lv,C+,2.6731422216459384,1.118740917551371
1411,1411,2016-10-15,lv,C-,6.0,2.291260000000001
1412,1412,2016-10-15,rv,B,4.0,1.24756
1413,1413,2016-10-15,rv,B+,11.0,6.775480000000002
1414,1414,2016-10-16,lv,A,6.0,4.208310000000004
1415,1415,2016-10-16,lv,A+,10.380178863127355,7.6169037083370466
1416,1416,2016-10-16,lv,A-,5.263563560179346,3.344158465151101
1417,1417,2016-10-16,lv,B,4.454999999999998,2.1675499999999985
1418,1418,2016-10-16,lv,C+,1.5521107389317685,0.10221666122795588
1419,1419,2016-10-16,lv,C-,6.0,2.291260000000001
1420,1420,2016-10-16,rv,B,4.0,1.24756
1421,1421,2016-10-16,rv,B+,11.0,6.775480000000002
1422,1422,2016-10-17,lv,A,6.0,4.208310000000004
1423,1423,2016-10-17,lv,A+,9.0,6.788870000000003
1424,1424,2016-10-17,lv,A-,4.1256130149934025,2.7763927909463666
1425,1425,2016-10-17,lv,B,4.454999999999998,2.1675499999999985
1426,1426,2016-10-17,lv,C+,2.0478828082735268,0.6559597916411039
1427,1427,2016-10-17,lv,C-,5.0,1.7558000000000007
1428,1428,2016-10-17,rv,B,4.0,1.24756
1429,1429,2016-10-17,rv,B+,11.0,6.775480000000002
1430,1430,2016-10-18,lv,A-,5.450201787919627,4.196391984621738
1431,1431,2016-10-18,lv,B,4.454999999999998,2.1675499999999985
1432,1432,2016-10-18,lv,C+,2.175354293025768,0.860373232971929
1433,1433,2016-10-18,lv,C-,5.0,1.7558000000000007
1434,1434,2016-10-18,rv,B,4.0,1.24756
1435,1435,2016-10-18,rv,B+,11.0,6.775480000000002
1436,1436,2016-10-19,lv,A-,3.4885048191418333,2.3486635998546994
1437,1437,2016-10-19,lv,B,4.454999999999998,2.1675499999999985
1438,1438,2016-10-19,lv,C+,2.3289437017735333,1.151397715024616
1439,1439,2016-10-19,lv,C-,5.0,1.7558000000000007
1440,1440,2016-10-20,lv,A+,12.0,9.285780000000004
1441,1441,2016-10-20,lv,A-,3.4812432910216664,2.6122089854018524
1442,1442,2016-10-20,lv,B,4.285,2.2914199999999987
1443,1443,2016-10-20,lv,B+,10.072252137277937,7.304799060804201
1444,1444,2016-10-20,lv,B-,9.1,4.891850000000005
1445,1445,2016-10-20,lv,C+,3.078520491180278,2.00471657949918
1446,1446,2016-10-20,lv,C-,5.0,1.7558000000000007
1447,1447,2016-10-20,rv,B+,6.0,3.115470000000002
1448,1448,2016-10-20,rv,B-,0.0,-1.6825100000000006
1449,1449,2016-10-21,lv,A+,9.0,6.435850000000002
1450,1450,2016-10-21,lv,A-,5.41273388073498,4.098735942419391
1451,1451,2016-10-21,lv,B,4.285,2.2914199999999987
1452,1452,2016-10-21,lv,B+,10.072252137277937,7.304799060804201
1453,1453,2016-10-21,lv,B-,10.220642707529192,6.297646040887797
1454,1454,2016-10-21,lv,C+,1.1843594399772182,0.39455142482788613
1455,1455,2016-10-21,lv,C-,5.0,1.7558000000000007
1456,1456,2016-10-21,rv,B+,6.0,3.115470000000002
1457,1457,2016-10-21,rv,B-,0.0,-1.6825100000000006
1458,1458,2016-10-22,lv,A,3.0,2.220939999999999
1459,1459,2016-10-22,lv,A+,6.0,3.632509999999997
1460,1460,2016-10-22,lv,A-,5.54710579986622,4.357228566537031
1461,1461,2016-10-22,lv,B,4.778780584623457,2.79233065061907
1462,1462,2016-10-22,lv,B+,12.000865069058067,8.992680364604595
1463,1463,2016-10-22,lv,B-,10.220642707529192,6.297646040887797
1464,1464,2016-10-22,lv,C+,4.429661243572607,2.294428140497351
1465,1465,2016-10-22,lv,C-,5.0,1.7558000000000007
1466,1466,2016-10-22,rv,B+,6.0,3.115470000000002
1467,1467,2016-10-22,rv,B-,0.0,-1.6825100000000006
1468,1468,2016-10-23,lv,A,3.0,2.220939999999999
1469,1469,2016-10-23,lv,A+,4.0,1.8652599999999997
1470,1470,2016-10-23,lv,A-,5.686368077472551,4.641688748485342
1471,1471,2016-10-23,lv,B,4.778780584623457,2.79233065061907
1472,1472,2016-10-23,lv,B+,12.000865069058067,8.992680364604595
1473,1473,2016-10-23,lv,B-,10.220642707529192,6.297646040887797
1474,1474,2016-10-23,lv,C+,3.8675468477222195,1.9432285488555963
1475,1475,2016-10-23,lv,C-,5.0,1.7558000000000007
1476,1476,2016-10-23,rv,B+,6.0,3.115470000000002
1477,1477,2016-10-23,rv,B-,0.0,-1.6825100000000006
1478,1478,2016-10-24,lv,A,3.0,2.220939999999999
1479,1479,2016-10-24,lv,A+,2.0,0.1266199999999955
1480,1480,2016-10-24,lv,A-,4.5136827048991215,3.5245296580343175
1481,1481,2016-10-24,lv,B,4.778780584623457,2.79233065061907
1482,1482,2016-10-24,lv,B+,12.000865069058067,8.992680364604595
1483,1483,2016-10-24,lv,B-,10.220642707529192,6.297646040887797
1484,1484,2016-10-24,lv,C+,4.087296619985243,2.319121165192058
1485,1485,2016-10-24,lv,C-,6.0,4.105290000000004
1486,1486,2016-10-24,rv,B+,6.0,3.115470000000002
1487,1487,2016-10-25,lv,A,3.0,2.220939999999999
1488,1488,2016-10-25,lv,A+,1.0,-0.6404500000000013
1489,1489,2016-10-25,lv,A-,3.377979684035672,3.507070262283175
1490,1490,2016-10-25,lv,B,3.4045387618297687,2.281789758023246
1491,1491,2016-10-25,lv,B-,9.1,4.891850000000005
1492,1492,2016-10-25,lv,C+,3.7259271907036515,2.05219563625321
1493,1493,2016-10-25,lv,C-,6.0,4.105290000000004
1494,1494,2016-10-25,rv,B+,6.0,3.115470000000002
1495,1495,2016-10-25,rv,B-,1.0,0.1583299999999994
1496,1496,2016-10-26,lv,A+,1.0,-0.4258000000000024
1497,1497,2016-10-26,lv,A-,4.43241315909714,4.779083347838092
1498,1498,2016-10-26,lv,B,3.4045387618297687,2.281789758023246
1499,1499,2016-10-26,lv,B-,9.1,4.891850000000005
1500,1500,2016-10-26,lv,C+,4.623122830070534,3.2854445059326256
1501,1501,2016-10-26,lv,C-,6.0,4.105290000000004
1502,1502,2016-10-26,rv,B-,1.0,0.1583299999999994
1503,1503,2016-10-27,lv,A+,-1.0,-2.2108400000000046
1504,1504,2016-10-27,lv,A-,4.117223198491105,4.539769154858634
1505,1505,2016-10-27,lv,B,0.5,-0.6541800000000038
1506,1506,2016-10-27,lv,B-,9.1,4.891850000000005
1507,1507,2016-10-27,lv,C+,0.27152990204916044,0.9267849260232012
1508,1508,2016-10-27,lv,C-,6.0,4.105290000000004
1509,1509,2016-10-28,lv,A+,0.0,-0.983159999999998
1510,1510,2016-10-28,lv,A-,3.7967056777329375,4.095295969440793
1511,1511,2016-10-28,lv,B,0.5,-0.6541800000000038
1512,1512,2016-10-28,lv,B-,9.1,4.891850000000005
1513,1513,2016-10-28,lv,C+,0.04418366927052445,0.8082960164192454
1514,1514,2016-10-28,lv,C-,6.0,4.105290000000004
1515,1515,2016-10-29,lv,A+,2.0,1.2140899999999988
1516,1516,2016-10-29,lv,A-,4.317741288730176,4.746957469920148
1517,1517,2016-10-29,lv,B-,9.1,4.891850000000005
1518,1518,2016-10-29,lv,C+,0.6178146757711296,1.4685679682796282
1519,1519,2016-10-29,lv,C-,6.0,4.105290000000004
1520,1520,2016-10-30,lv,A+,3.0,2.355960000000003
1521,1521,2016-10-30,lv,A-,3.0996394366639763,3.631849103658738
1522,1522,2016-10-30,lv,B,3.0,3.522750000000002
1523,1523,2016-10-30,lv,B-,9.1,4.891850000000005
1524,1524,2016-10-30,lv,C+,1.6845143990130116,2.8208066840953605
1525,1525,2016-10-30,lv,C-,6.0,4.105290000000004
1526,1526,2016-10-31,lv,A+,4.0,3.470309999999998
1527,1527,2016-10-31,lv,A-,2.744436167807668,3.3160203036751117
1528,1528,2016-10-31,lv,B,3.0,3.522750000000002
1529,1529,2016-10-31,lv,B-,9.1,4.891850000000005
1530,1530,2016-10-31,lv,C+,-0.05217686148548648,1.1930716770265615
1531,1531,2016-10-31,lv,C-,6.0,5.27704
1532,1532,2016-10-31,rv,B-,1.0,1.2457999999999956
1533,1533,2016-11-01,lv,A,1.2602148758142446,1.041926852830715
1534,1534,2016-11-01,lv,A+,5.0,4.531290000000006
1535,1535,2016-11-01,lv,A-,3.074304925749156,3.498622731676789
1536,1536,2016-11-01,lv,B,2.5589969711620513,2.5929218411514743
1537,1537,2016-11-01,lv,B+,3.200000000000003,4.478929999999998
1538,1538,2016-11-01,lv,B-,9.1,4.891850000000005
1539,1539,2016-11-01,lv,C+,1.417811128904903,2.7190907096506653
1540,1540,2016-11-01,lv,C-,6.0,5.27704
1541,1541,2016-11-01,rv,B-,2.0,2.5020299999999978
1542,1542,2016-11-02,lv,A,1.2602148758142446,1.041926852830715
1543,1543,2016-11-02,lv,A+,4.0,3.5195500000000024
1544,1544,2016-11-02,lv,A-,2.673523380689858,3.2246850127961184
1545,1545,2016-11-02,lv,B,2.3400000000000034,2.1311800000000005
1546,1546,2016-11-02,lv,B+,3.200000000000003,4.478929999999998
1547,1547,2016-11-02,lv,C+,2.397803122498496,3.7232101061265306
1548,1548,2016-11-02,lv,C-,6.0,5.27704
1549,1549,2016-11-02,rv,B-,2.0,2.5020299999999978
1550,1550,2016-11-03,lv,A,2.619888516935875,2.4574053007249077
1551,1551,2016-11-03,lv,A+,4.734547794150037,4.209791678414651
1552,1552,2016-11-03,lv,A-,2.6486947314962315,2.8770019158284867
1553,1553,2016-11-03,lv,B,2.3400000000000034,2.1311800000000005
1554,1554,2016-11-03,lv,B+,3.200000000000003,4.478929999999998
1555,1555,2016-11-03,lv,C+,2.397803122498496,3.7232101061265306
1556,1556,2016-11-03,lv,C-,6.0,5.27704
1557,1557,2016-11-03,rv,B-,4.0,4.509050000000002
1558,1558,2016-11-04,lv,A,4.0,5.0657700000000006
1559,1559,2016-11-04,lv,A+,4.257293914543557,4.054754702507313
1560,1560,2016-11-04,lv,A-,2.7749213908351917,3.007797559302055
1561,1561,2016-11-04,lv,B,3.106352005094553,3.334047953827744
1562,1562,2016-11-04,lv,B+,3.200000000000003,4.478929999999998
1563,1563,2016-11-04,lv,C+,2.397803122498496,3.7232101061265306
1564,1564,2016-11-04,lv,C-,6.0,5.27704
1565,1565,2016-11-04,rv,B-,4.0,4.509050000000002
1566,1566,2016-11-05,lv,A,4.0,5.0657700000000006
1567,1567,2016-11-05,lv,A+,4.257293914543557,4.054754702507313
1568,1568,2016-11-05,lv,A-,2.504490468803367,2.8129535583578704
1569,1569,2016-11-05,lv,B,3.106352005094553,3.334047953827744
1570,1570,2016-11-05,lv,B+,3.200000000000003,4.478929999999998
1571,1571,2016-11-05,lv,C+,2.397803122498496,3.7232101061265306
1572,1572,2016-11-05,lv,C-,6.0,5.27704
1573,1573,2016-11-05,rv,B-,4.0,4.509050000000002
1574,1574,2016-11-06,lv,A,4.0,5.0657700000000006
1575,1575,2016-11-06,lv,A+,4.257293914543557,4.054754702507313
1576,1576,2016-11-06,lv,A-,2.0502611153755796,2.8130882798169443
1577,1577,2016-11-06,lv,B,3.106352005094553,3.334047953827744
1578,1578,2016-11-06,lv,C+,2.397803122498496,3.7232101061265306
1579,1579,2016-11-06,lv,C-,6.0,5.27704
1580,1580,2016-11-06,rv,B-,4.0,4.509050000000002
1581,1581,2016-11-07,lv,A-,-1.5,0.6920000000000002
1582,1582,2016-11-07,lv,B,3.106352005094553,3.334047953827744
